ID,Time,Occasion,Gender,Age,Valuing,Interest,Related,WilltoAgri,Taxed,PolicySat
1,2009,0,1,19,3.0909,2.6364,2.6364,2.0606,2.9091,2.8182
1,2010,1,1,19,3.9375,2.4375,2.25,1.6667,3.1667,2.9375
1,2012,2,1,19,1.75,3.375,2.875,2.8333,3.4375,3.5
1,2013,3,1,19,3.8,2.7143,3,3,3.4286,3.1429
1,2014,4,1,19,3.8571,3.1429,2.7143,2.5714,2.8571,3
1,2015,5,1,19,3.2,2.1333,2.3333,3.1333,3.2,3.2
1,2016,6,1,19,3.3,2.5,2.2,2.3,2.6,3.0714
1,2017,7,1,19,4,2.5,2.5,2,3,3
1,2018,8,1,19,3.6,2.6,3,1.6,3.4,2.6
1,2019,9,1,19,3.5,2.5,2.3333,2.3333,3,3.1667
1,2020,10,1,19,3.3333,2.5,2.5,1.6667,2.1667,3.6667
1,2021,11,,,,,,,,
1,2022,12,1,19,3,1,2,4,2,4
2,2009,0,2,19,3.6667,2.6667,3.3333,3.4444,3.6667,2.3333
2,2010,1,2,19,3.1667,3,2.5556,2.5556,3,2.6667
2,2012,2,2,19,1.6154,3.5385,2.7692,2.5385,3.1538,3.1538
2,2013,3,2,19,3.85,3,3.375,3,3.5,2.875
2,2014,4,2,19,3.625,2.625,2.5,2.3125,3.0625,2.75
2,2015,5,2,19,3.7,2.4,2.4,3.3,3.4,3.4
2,2016,6,2,19,3.5714,2.2857,2.2857,2.8571,3.4286,3.0816
2,2017,7,2,19,3,3,5,2,2,3
2,2018,8,2,19,3.2,2.4,2.6,2.8,2.6,3
2,2019,9,2,19,3.8571,2.5714,2.1429,2,3.8571,2.8571
2,2020,10,2,19,3.5714,2.5714,2,2.1429,2.5714,3.4286
2,2021,11,,,,,,,,
2,2022,12,,,,,,,,
3,2009,0,1,20,3.5,2.5,3.25,2.6667,3.125,2.875
3,2010,1,1,20,3.2941,2.7647,2.3333,2.4902,3.2745,2.7647
3,2012,2,1,20,1.4706,3.7059,3.0588,2.3333,3.1176,3.2941
3,2013,3,1,20,3.575,2.5,2.25,2.5,3.75,2.875
3,2014,4,1,20,3.6667,3.0833,2.8333,3.0833,3.6667,3.0833
3,2015,5,1,20,3.8889,2.5556,2.6667,3.1667,3.3056,3.3056
3,2016,6,1,20,3.4545,2.5455,2.4545,3,3.2727,3.0779
3,2017,7,1,20,3.5833,2.6667,2.5833,2.3333,2.9167,2.4167
3,2018,8,1,20,3.3333,2.6667,2.4444,1.8889,3.5556,3
3,2019,9,1,20,3,2.1429,2.1429,1.1429,2.7143,2.7143
3,2020,10,1,20,3.6,1.8,2,3.2,3,3
3,2021,11,1,20,3.1765,2.1176,2.2353,1.4706,3.2941,2.8824
3,2022,12,1,20,3.5,2.1667,2.4167,2.3333,3.25,3.6667
4,2009,0,2,20,3.5294,2.6471,3.1765,2.8039,2.8235,2.7647
4,2010,1,2,20,3.1176,2.1176,2.1765,2.5686,2.6471,3.0588
4,2012,2,2,20,1.8182,3.8182,2.8636,2.4545,3.1818,3.3182
4,2013,3,2,20,3.7478,2.3478,2.6522,2.4783,3.4783,2.9565
4,2014,4,2,20,3.4762,3.0952,2.7143,2.9048,2.7619,2.9524
4,2015,5,2,20,3.4167,2.8333,2.6667,3.1667,3.1667,3.1667
4,2016,6,2,20,3.3529,2.1765,2.3529,2.0588,2.5882,3.2437
4,2017,7,2,20,3.5417,2.5,2.625,2.2917,3,2.5417
4,2018,8,2,20,4,2.3,2.2,2,3.1,2.8
4,2019,9,2,20,3.2727,2.6364,2.2727,2.1818,3.2727,3.0909
4,2020,10,2,20,3.6667,2.6667,2.8889,2.4444,3.4444,3.2222
4,2021,11,2,20,2.5,2,2.1667,1.8333,2.6667,2.8333
4,2022,12,2,20,3.7143,2.2143,2.4286,2.2143,3.1429,3.1429
5,2009,0,1,21,3.3333,2.5833,3,2.3333,3.0833,3
5,2010,1,1,21,3.625,2.5,2.3333,2.8333,3.1667,2.75
5,2012,2,1,21,1.25,3.25,2.625,1.6667,2,3
5,2013,3,1,21,3.8462,2.6923,2.9231,3.2308,3.8462,2.8462
5,2014,4,1,21,3.6,2.4,2,3,3.2,2.1
5,2015,5,1,21,3.8462,2.4615,2.3846,3.3846,2.6154,2.6154
5,2016,6,1,21,3.1667,2.1667,2.3333,1.8333,3,2.9524
5,2017,7,1,21,3.5,2.5,2.25,3.5,3.5,2.75
5,2018,8,1,21,3.4545,2.9091,2.9091,1.9091,2.9091,3
5,2019,9,1,21,3.2143,2.6429,2.6429,1.1429,3.0714,3.2857
5,2020,10,1,21,3.4286,2.3571,2.2143,2.2857,2.7857,3.3571
5,2021,11,1,21,3.2,2.2,2.2,1.7,2.8,3
5,2022,12,1,21,3.5,2.25,2.0625,1.9375,3.3125,3.125
6,2009,0,2,21,3.75,2.65,2.85,3.3333,3.25,2.7
6,2010,1,2,21,3.4167,1.8333,1.7778,1.7778,3.2222,3.0833
6,2012,2,2,21,1.4342,3.5395,2.5592,2.0175,2.4211,3.2632
6,2013,3,2,21,3.6632,2.5263,2.9474,2.4211,3,3.1053
6,2014,4,2,21,3.6667,2.7778,1.8889,2.2222,3.1111,2.7222
6,2015,5,2,21,3.5,2.75,2.625,3.125,3.0625,3.0625
6,2016,6,2,21,3.7778,2.7778,2.5556,1.4444,3,2.9524
6,2017,7,2,21,3.3611,2.4167,2.4028,2.1944,3.4167,2.7083
6,2018,8,2,21,4,2.5455,2.8182,1.9091,2.6364,2.9091
6,2019,9,2,21,3.5,2.3571,2,1.7143,3.0714,3
6,2020,10,2,21,3.875,2.375,2.125,2.125,3,3
6,2021,11,2,21,3.6923,2.4615,2.6154,2,3.0769,3.1538
6,2022,12,2,21,3.3333,2.25,2.1667,1.8333,2.9167,3.5
7,2009,0,1,22,3.4444,2.3333,3.1111,2.6296,3.5556,3.1111
7,2010,1,1,22,3.5,2.7857,2.7143,3,3.1905,2.9286
7,2012,2,1,22,1.4444,3.4444,3,3.2222,3.2222,3.7778
7,2013,3,1,22,3.6526,2.6316,2.8421,2.3158,3.0526,2.8421
7,2014,4,1,22,3.3333,2.7333,2.5333,2,2.7333,3.0333
7,2015,5,1,22,3.8,2.4667,2.6667,2.8667,2.9667,2.9667
7,2016,6,1,22,3.375,2.25,2.1875,1.8125,3.1875,2.9196
7,2017,7,1,22,3.5625,2.4375,2.25,2.1875,2.6875,2.9375
7,2018,8,1,22,3.3846,2.6154,2.5385,2.3077,3.2308,3
7,2019,9,1,22,3.6364,2.2727,2.0909,1.9091,2.8182,3.1818
7,2020,10,1,22,3.1818,2.4545,2.2727,2,2.8182,3.4545
7,2021,11,1,22,3.6364,2.4545,2.2727,2.4545,3.4545,3
7,2022,12,1,22,3.3333,2.3333,2.8333,2.1667,3.3333,3.6667
8,2009,0,2,22,3.3125,2.25,2.625,2.3333,3.1875,2.5
8,2010,1,2,22,3,2.2,2.3333,1.9333,3.2667,3.1
8,2012,2,2,22,1.7273,3.6364,3,2.5758,3.5455,3.5455
8,2013,3,2,22,3.8333,2.25,2.5,1.5833,3.8333,3.1667
8,2014,4,2,22,3.5714,3,2.7857,2.5,3,2.9643
8,2015,5,2,22,3.5714,2.5714,2.5714,3.5714,3.1071,3.1071
8,2016,6,2,22,3.5,2.4,2.3,2.6,3.3,3.0143
8,2017,7,2,22,3.6471,2.2353,2.4706,2.2941,2.8235,2.8824
8,2018,8,2,22,3.8333,2.5,2.6667,1.8333,2.9167,2.9167
8,2019,9,2,22,3.6923,2.3846,2.3077,1.7692,2.3077,3.2308
8,2020,10,2,22,3.4615,2,1.8462,2.2308,2.6923,3.1538
8,2021,11,2,22,3.1429,1.8571,2.2857,2,3,3.2857
8,2022,12,2,22,3.2727,2.0909,1.9091,1.9091,3.5455,3.5455
9,2009,0,1,23,3.2143,2.7143,2.7143,2.7143,3.0714,2.5714
9,2010,1,1,23,3.125,2.375,2.3333,2.1667,3,3
9,2012,2,1,23,1.5,3.25,3.375,3,2.5,3.625
9,2013,3,1,23,3.7867,2.4667,2.8667,2.2667,3.1333,2.8667
9,2014,4,1,23,3.35,2.7,2.65,2.65,3.1,2.25
9,2015,5,1,23,3.6667,2.5833,2.5833,3.1667,3.125,3.125
9,2016,6,1,23,3.6364,2.6364,2.5455,2.2727,2.3636,3.026
9,2017,7,1,23,3.7368,2.6316,2.3158,2.2105,2.7368,2.3684
9,2018,8,1,23,3.5714,2.5714,2.5714,1.7143,2.7857,2.8571
9,2019,9,1,23,3.1905,2.619,2.5714,2,2.6667,3.0952
9,2020,10,1,23,3,2.3333,2.6667,2,3.8333,3.1667
9,2021,11,1,23,3.5,2.9286,3.0714,2.3571,3.1429,3.2857
9,2022,12,1,23,3.5385,2.3077,2.4615,2.4615,3,3.2308
10,2009,0,2,23,3.3333,2.3333,3.1111,2.4815,3.4444,2.6667
10,2010,1,2,23,3.5,1.875,2.5,2,2.8333,2.75
10,2012,2,2,23,1.5,3.3333,3.1667,2.1111,3,3.8333
10,2013,3,2,23,3.5333,2.5,2.8333,2,3.6667,2.5
10,2014,4,2,23,3.5833,2.25,2.5,2.0833,2.5833,3.3333
10,2015,5,2,23,3.6,2.6667,2.5333,3.3333,3.1667,3.1667
10,2016,6,2,23,3.7273,2.4545,2.3636,2.3636,3.6364,2.9091
10,2017,7,2,23,3.7,2.9,2.9,2.3,3.4,2.4
10,2018,8,2,23,3.6,2.8,3,2.7,3,2.9
10,2019,9,2,23,3.5455,2.6364,2.2727,1.5455,3.5455,2.9091
10,2020,10,2,23,3.1111,2.4444,2.3333,2.1111,3.1111,3.1111
10,2021,11,2,23,3.1818,2.0909,2.0909,1.8182,3,2.9091
10,2022,12,2,23,3.5,2,2,1,3.5,3.75
11,2009,0,1,24,3.3636,2.4545,2.6364,3.1818,3.1818,2.5455
11,2010,1,1,24,3,2.0909,2.2121,1.8485,3.0606,3
11,2012,2,1,24,1.4444,3.5556,2.5556,2.7778,3.3333,3.1111
11,2013,3,1,24,4.0375,2.5625,2.75,1.6875,3.1875,2.875
11,2014,4,1,24,3.7368,3,2.8947,2.2105,2.8947,3.0526
11,2015,5,1,24,3.5,3,2.8333,3.3333,2.9167,2.9167
11,2016,6,1,24,3.6316,2.5789,2.3684,1.8421,3.3158,2.9323
11,2017,7,1,24,3.3636,2.6364,2.5455,2,3.3636,2.4545
11,2018,8,1,24,3.5,3,2.75,2.625,3.25,3.25
11,2019,9,1,24,3.3333,2.0667,2.0667,1.8667,3.2667,2.9333
11,2020,10,1,24,3.3,2.5,2.5,2.1,2.6,3.1
11,2021,11,1,24,3.4167,2,1.8333,1.5833,2.9167,3
11,2022,12,1,24,3.2941,2.6471,2.5882,2.3529,2.4706,3.3529
12,2009,0,2,24,3.6667,2,2.3333,2.7778,3.6667,2.6667
12,2010,1,2,24,2.75,2.25,3,3,3.3333,2.75
12,2012,2,2,24,1.2,2,3.8,4.4667,4,3
12,2013,3,2,24,3.7333,2.6,2.4,1.9333,3.6,3
12,2014,4,2,24,3.6364,2.2727,2.1818,2,2.5455,2.4545
12,2015,5,2,24,3.2857,2.5714,2.4286,3.1429,3.1429,3.1429
12,2016,6,2,24,3.5,2.5,2.6,2,2.7,3.0857
12,2017,7,2,24,3.6667,2.3333,2.4444,2.4444,3.3333,2.6667
12,2018,8,2,24,3.6667,2.7333,2.6667,2.2667,3.5333,3.1333
12,2019,9,2,24,3.0667,2.6,2.6667,1.6,3.3333,3.1333
12,2020,10,2,24,3.6667,2.4444,2.4444,2,3.3333,3
12,2021,11,2,24,3.4545,2.5455,2.7273,1.9091,3,3.0909
12,2022,12,2,24,3.4,2.4,2.2,1.6,3.4,2.6
13,2009,0,1,25,3.3158,2.8421,3.1579,3.0351,2.8421,2.7895
13,2010,1,1,25,3.4286,2.8571,2.9048,2.9048,3.6667,2.7143
13,2012,2,1,25,1.2222,3.1111,2.6667,2.7778,2.8889,3.3333
13,2013,3,1,25,3.4,2.4286,2.5,1.8571,2.6429,2.9286
13,2014,4,1,25,3.4167,2.9167,2.9167,2.3333,2.8333,3.0833
13,2015,5,1,25,3.3333,2.9167,2.9167,3.5833,3.2083,3.2083
13,2016,6,1,25,4.1667,2.75,2.5,2.6667,3.75,2.9286
13,2017,7,1,25,3.5263,2.7895,2.7368,2.2632,3.2105,2.5263
13,2018,8,1,25,3.7857,2.9286,2.6429,2.4286,3.2143,3.0714
13,2019,9,1,25,3.7857,2.5714,2.4286,2.1429,3.2143,3.1429
13,2020,10,1,25,3.2778,2.5,2.5556,2.2778,2.6111,3.1667
13,2021,11,1,25,3.6667,2.4667,2.4,1.6,2.7333,3.2667
13,2022,12,1,25,3.1818,2.0909,2,1.5455,3.5455,3.4545
14,2009,0,2,25,3.6154,2.7692,3,3.1538,3.2308,3
14,2010,1,2,25,3.8889,2.4444,2.6296,3.0741,2.6296,3
14,2012,2,2,25,1.75,3.5833,2.9167,2.6667,2.5833,3.4167
14,2013,3,2,25,3.7429,2.0714,2.5,2.3571,3.3571,3
14,2014,4,2,25,3.5,2.625,2.625,2.5,3.125,2.9375
14,2015,5,2,25,4,3,2.75,3.625,2.8125,2.8125
14,2016,6,2,25,3.7692,2.6923,2.6923,2.6923,2.6923,3.2308
14,2017,7,2,25,3.6667,2.5,2.4167,1.8333,3.3333,2.5833
14,2018,8,2,25,3.5714,3.2857,2.8571,1.5714,2.4286,3.1429
14,2019,9,2,25,3.6429,2.6429,2.6429,2.3571,3.3571,3
14,2020,10,2,25,3.2222,2.5556,2.2222,1.7222,2.8889,3.1111
14,2021,11,2,25,3.2727,2.6364,2.4545,2.4545,2.9091,3
14,2022,12,2,25,4,2.3333,2.1667,2.1667,3.6667,3.3333
15,2009,0,1,26,3.5625,2.6875,2.9375,3.3333,3.0625,2.625
15,2010,1,1,26,3.4,3.2,3.4,3.1333,2.8667,3.4
15,2012,2,1,26,1.7692,3.7692,3.2308,2.2308,2.9231,3.5385
15,2013,3,1,26,3.42,3,2.9,3,3.7,3.3
15,2014,4,1,26,3.5263,2.6316,2.4211,2.4737,2.7368,2.9737
15,2015,5,1,26,3.5455,2.6364,2.3636,3.1818,3.3182,3.3182
15,2016,6,1,26,3.6154,2.6154,2.4615,2.8462,2.7692,3.1538
15,2017,7,1,26,3.6111,2.6667,2.2778,2.1667,2.9444,2.5
15,2018,8,1,26,4,2.8,2.2,2.4,3.5333,3
15,2019,9,1,26,3.3889,2.3889,2.2778,1.8889,3.2222,3
15,2020,10,1,26,3.2727,2.9091,2.9091,2.1818,2.9091,2.9091
15,2021,11,1,26,3.2353,2.3529,2.4118,1.6471,2.6471,3.1765
15,2022,12,1,26,3.125,2.4375,2.5,2.125,3.4375,3.8125
16,2009,0,2,26,4.0833,2.8333,3.0833,2.6667,3.5,2.6667
16,2010,1,2,26,3,2.3636,2.4545,2.4545,2.9394,3
16,2012,2,2,26,1.2857,3.5714,3.3571,2.3333,3.0714,3.4286
16,2013,3,2,26,3.84,2.5,2.8,2.6,2.9,3.2
16,2014,4,2,26,3.1429,2.7143,2.8571,1.8571,2.7143,2.9286
16,2015,5,2,26,3.4444,2.6667,2.7778,2.8889,2.8333,2.8333
16,2016,6,2,26,3.1538,2.5385,2.4615,1.9231,3.3077,2.989
16,2017,7,2,26,3.5556,2.3333,2.4444,1.7778,2.3333,3.3333
16,2018,8,2,26,3.75,2.9167,2.9167,2.5,3.0833,3
16,2019,9,2,26,3.2308,2.1538,2.0769,1.8462,3.1538,3.2308
16,2020,10,2,26,3.381,2.7619,2.7619,2.4762,3.0476,3.1429
16,2021,11,2,26,3,2,1.9167,1.8333,2.9167,3.0833
16,2022,12,2,26,3.25,2.45,2.45,1.75,3.25,3.45
17,2009,0,1,27,3.6667,2.7333,3.3333,2.6889,2.5333,2.8667
17,2010,1,1,27,3.5,2.3125,2.3333,2.6667,3.0833,3.125
17,2012,2,1,27,1.9333,3.2667,3.0667,2.5111,3.5333,3.6
17,2013,3,1,27,3.7077,2.6154,2.4615,2.4615,3.4615,3.0769
17,2014,4,1,27,3.5714,2.7143,2.6429,1.7143,2.7143,3.4643
17,2015,5,1,27,3.8182,2.4545,2.4545,3.3636,3.1364,3.1364
17,2016,6,1,27,3.6667,2.9333,2.7333,2.2667,2.8667,3.2571
17,2017,7,1,27,3.5625,2.3125,2.375,2.375,3.4375,2.5625
17,2018,8,1,27,3.7895,2.7368,2.9474,2.2105,3.3684,3.0526
17,2019,9,1,27,3.5833,2.7083,2.5833,2.2083,3.25,3.0417
17,2020,10,1,27,3.3548,2.6129,2.5484,2.3548,3.0645,3.129
17,2021,11,1,27,3.5,2.7222,2.2222,1.8333,3.5,2.9444
17,2022,12,1,27,3.5238,2.381,2.381,2,3.381,3.2857
18,2009,0,2,27,3.8571,2.5,3,2.5238,2.7857,2.7857
18,2010,1,2,27,3.1538,2.6154,2.7436,2.641,2.8462,3
18,2012,2,2,27,1.8182,3.4545,2.9091,2.3333,2.9091,3.2727
18,2013,3,2,27,3.5385,2.3846,2.3846,2.3846,3.3846,2.9231
18,2014,4,2,27,3.25,3,2.75,2,2.5,3.1875
18,2015,5,2,27,3.7,2.9,3,3.2,3.3,3.3
18,2016,6,2,27,3.7143,2.5,2.4286,2.0714,3.1429,2.898
18,2017,7,2,27,4,2.6,2.6,2.4,3.3,2.8
18,2018,8,2,27,3.5455,2.9091,2.6364,2.2727,3.6364,2.9091
18,2019,9,2,27,3.5385,2.2308,2.2308,2.2308,3.0769,3.2308
18,2020,10,2,27,3.4,2.5333,2.6,2.2,2.7333,3.2
18,2021,11,2,27,3.2222,2.3333,2.3333,1.6296,3.2963,3.1481
18,2022,12,2,27,3.3684,2.1579,2.2105,1.7895,3.6316,3.5789
19,2009,0,1,28,3.8571,2.7857,3.2143,3.2857,2.7857,2.3571
19,2010,1,1,28,3.2273,2.5,2.5152,2.5152,2.9394,2.9091
19,2012,2,1,28,1.4,3.36,2.92,2.7067,2.92,3.16
19,2013,3,1,28,3.7,2.6154,2.7692,2.3846,3.2692,2.9615
19,2014,4,1,28,3.7333,2.8667,2.8,2.7333,3.6,3
19,2015,5,1,28,3.5333,2.9333,3.0667,3.5333,3.3333,3.3333
19,2016,6,1,28,3.4444,2.8889,2.3889,1.8889,2.7222,2.9603
19,2017,7,1,28,3.4286,2.7143,2.4286,2.2143,2.4286,2.7143
19,2018,8,1,28,3.4737,2.7895,2.6842,2.1053,3.0526,3.1053
19,2019,9,1,28,3.3333,2.6667,2.8095,2.2857,3.1429,3.2857
19,2020,10,1,28,3.2069,2.2414,2.3793,2.2759,3.1034,3.1379
19,2021,11,1,28,3.3929,2.7857,2.7143,1.9286,3.1786,3.0357
19,2022,12,1,28,3.3333,2.4444,2.4074,2.0741,3.2963,3.2222
20,2009,0,2,28,3.9048,2.9048,3.4286,2.5238,3,2.7619
20,2010,1,2,28,3.6154,2.5769,2.641,2.5385,3.1538,3.1923
20,2012,2,2,28,1.2727,3.0909,3.1818,2.5758,3,3.4545
20,2013,3,2,28,3.8375,2.5,2.875,2.1875,3.1875,2.875
20,2014,4,2,28,3.7,2.85,2.85,2.25,2.85,3.225
20,2015,5,2,28,3.65,2.6,3,3.1,3.375,3.375
20,2016,6,2,28,3.6471,2.8235,2.6471,2.1176,3.2353,3.1597
20,2017,7,2,28,3.375,2.5,2.4375,2.375,2.8125,2.75
20,2018,8,2,28,3.5,2.5769,2.3077,1.5385,2.5385,2.8077
20,2019,9,2,28,3.4167,2.75,2.5417,2.0833,3.3333,3.125
20,2020,10,2,28,3.1304,2.3913,2.6522,2,2.913,3.3478
20,2021,11,2,28,3.7,2.7,2.7667,1.7667,3.2667,3.1333
20,2022,12,2,28,3.375,2.25,2.0625,1.9688,3.0938,3.4688
21,2009,0,1,29,3.65,2.6,3.2,3,2.75,2.85
21,2010,1,1,29,3.6786,2.6071,2.4286,3,3.0952,3.1071
21,2012,2,1,29,1.5833,3.5417,3.1667,2.3889,2.7083,3.2917
21,2013,3,1,29,3.9167,2.9167,3.0833,3.3333,3.25,2.9167
21,2014,4,1,29,3.6,3.1,2.8,2.4,3,2.9
21,2015,5,1,29,3.4667,2.5333,2.4667,2.6,3.3,3.3
21,2016,6,1,29,3.9167,2.5833,2.6667,2.25,3,2.8929
21,2017,7,1,29,3.4545,2.8182,2.8182,3.0909,3.3636,2.7273
21,2018,8,1,29,3.6471,2.8235,2.5882,2.5882,2.7059,3.0588
21,2019,9,1,29,3.6923,2.9231,2.8462,2.8462,2.9231,3
21,2020,10,1,29,3.381,2.619,2.4762,2.381,3.0476,3.0476
21,2021,11,1,29,3.4286,2.2857,2.0714,2.3571,2.7857,3.5
21,2022,12,1,29,3.3077,2.4615,2.6154,1.6923,3.2308,3.3077
22,2009,0,2,29,3.3182,2.2727,3.0909,2.3333,2.8182,2.7727
22,2010,1,2,29,3.3636,2.4545,2.3939,2.2121,2.9394,2.8636
22,2012,2,2,29,1.6538,3.5,2.9615,2.8462,3.0385,3.3462
22,2013,3,2,29,3.5833,2.9167,3,2.3333,3,3.0833
22,2014,4,2,29,4,3.2,2.8,1.7,3.5,3.35
22,2015,5,2,29,3.35,3,3.05,3.45,3.175,3.175
22,2016,6,2,29,3.5,2.5833,2.5833,2.25,2.8333,3.25
22,2017,7,2,29,3.5,2.75,2.75,2.3333,2.5833,2.1667
22,2018,8,2,29,3.6,3,2.7333,2.1333,3.2667,3.1333
22,2019,9,2,29,3.375,3,2.6875,2.4375,3.5625,3.0625
22,2020,10,2,29,3.4211,2.5263,2.5789,2.1053,2.8421,3.2105
22,2021,11,2,29,3.5625,2.375,2.5625,1.6875,2.75,3.0625
22,2022,12,2,29,3.3889,2.5556,2.6667,1.5556,3.8333,3.5556
23,2009,0,1,30,3.8824,3,3.4118,2.8824,3.0588,2.7647
23,2010,1,1,30,3.2727,2.8182,2.9394,2.9394,3.0606,3
23,2012,2,1,30,1.3684,3.1053,3.3684,3.5263,3.5789,3.7368
23,2013,3,1,30,4,3,3.381,2.5238,3.4762,2.8571
23,2014,4,1,30,3.7647,2.7059,2.6471,2.3529,3.4118,3
23,2015,5,1,30,3.7647,2.6471,2.4706,2.8824,3,3
23,2016,6,1,30,3.4,1.8,2,1.2,2.7,3.2
23,2017,7,1,30,3.6471,2.8824,2.6471,2.4118,3.5294,2.6471
23,2018,8,1,30,3.5,2.8571,2.7857,2,3.4286,2.7857
23,2019,9,1,30,3.4444,3.3333,3,2.4444,4.2222,2.6667
23,2020,10,1,30,3.4444,3.0556,2.7778,2.5,2.4444,3.2222
23,2021,11,1,30,3.4375,2.5,2.5625,1.5,3.25,3
23,2022,12,1,30,3.5294,2.5882,2.5294,1.8824,3.2353,2.7647
24,2009,0,2,30,3.3158,3,3,2.6842,3,2.5263
24,2010,1,2,30,3.3333,2.4167,2.1111,2.6667,3.1111,3.1667
24,2012,2,2,30,2,3.6364,3.0909,2.4545,3,2.9091
24,2013,3,2,30,3.4364,2.7273,2.7273,2.9091,3.5455,3
24,2014,4,2,30,3.4,2.8,2.6,2.4,2.8,3.3
24,2015,5,2,30,4,3.2,3.1,3.6,3.6,3.6
24,2016,6,2,30,4,2.375,2.375,2.5,3.75,2.9107
24,2017,7,2,30,3.5385,2.6923,2.6923,2.9231,2.8462,2.6923
24,2018,8,2,30,4,3,3,2.0714,3.2857,2.8571
24,2019,9,2,30,3.0833,2.3333,2,1.6667,2.5,2.9167
24,2020,10,2,30,3.4118,2.7059,2.7647,2.4706,3.2353,3.1176
24,2021,11,2,30,3.6364,2.7273,3.0909,2.1818,3.3636,2.9091
24,2022,12,2,30,3.25,2.25,2.25,2.375,3.5,3.25
25,2009,0,1,31,4,3,3.3333,3.2222,3.8333,2.8333
25,2010,1,1,31,3.5556,3,2.7778,3.0741,3.0741,3
25,2012,2,1,31,1.3636,2.7273,3.6364,2.9394,2.9091,3.6364
25,2013,3,1,31,4.0167,2.5,2.6667,2.8333,3,2.6667
25,2014,4,1,31,3.3333,2.7333,2.8667,2.3333,2.9333,2.7
25,2015,5,1,31,3.7692,2.9231,2.6154,3,3.1538,3.1538
25,2016,6,1,31,3.6923,2.6923,2.8462,2.2308,3.3846,2.9451
25,2017,7,1,31,4.1429,2.8571,2.8571,2.1429,3.1429,2.7143
25,2018,8,1,31,4,2.25,2,3,3.5,3
25,2019,9,1,31,3.4737,3.0526,2.7368,2.7368,3.1053,3.3158
25,2020,10,1,31,3.2,2.8,2.7,2.2,2.7,3.3
25,2021,11,1,31,3.4615,2.3077,2.3846,2.0769,2.3077,3.2308
25,2022,12,1,31,3.6154,2.6923,2.4615,2.6923,3.6154,3
26,2009,0,2,31,3.7143,2.8571,3.7143,3.0952,2.5714,2
26,2010,1,2,31,3.5,2,2.7778,3.2222,3.4444,2.8333
26,2012,2,2,31,1.9091,3.4545,3.1818,2.697,2.4545,3
26,2013,3,2,31,3.7091,2.3636,2.3636,2.6364,2.6364,3.2727
26,2014,4,2,31,3.8182,2.7273,2.4545,3.0909,3.1818,2.9091
26,2015,5,2,31,3.8333,2.6667,2.3333,3,3.25,3.25
26,2016,6,2,31,3.7,2.4,2.7,2.6,2.8,2.9571
26,2017,7,2,31,4,2.3333,2.5556,2.7778,3.2222,2.6667
26,2018,8,2,31,3.9,2.425,2.1,2.3,3.65,2.9
26,2019,9,2,31,3.5714,2.5714,2.2857,2.2857,3.4286,3.2857
26,2020,10,2,31,4,2.8571,2.8571,2.7143,3.4286,3
26,2021,11,2,31,3,2.4286,2.4286,2,3,3
26,2022,12,2,31,3.6667,2.6667,3,3.3333,4.3333,4.6667
27,2009,0,1,32,3.7273,2.8182,3.3636,3.4242,3.5455,2.1818
27,2010,1,1,32,3.7,3.1,2.7333,3.4,3.4,2.8
27,2012,2,1,32,1.5333,3.2,3.1333,2.6889,2.8667,3.3333
27,2013,3,1,32,3.8714,2.9286,2.7857,2.5714,3.7143,3
27,2014,4,1,32,3.5882,3.1176,3,3.0588,2.6471,2.6176
27,2015,5,1,32,3.5,3,2.9,2.8,3.3,3.3
27,2016,6,1,32,3.8,2.6,2.9,2.7,3.3,3.1286
27,2017,7,1,32,3.5,2.5,2.1667,2.25,3.5,2.5833
27,2018,8,1,32,3.5714,3.0714,2.8571,2.4286,3.2143,3.1429
27,2019,9,1,32,3.3889,2.7222,2.3333,2.0556,3.9444,3
27,2020,10,1,32,3.3684,2.3684,2.4211,1.9474,2.7368,3.1053
27,2021,11,1,32,3.7,3,2.8,2.8,3.3,2.9
27,2022,12,1,32,4.125,2.5,2.625,2,4,3.25
28,2009,0,2,32,3.6,3,3.3,2.6,3.1,2.5
28,2010,1,2,32,4,2,2.3333,3.6667,3.6667,3
28,2012,2,2,32,1.9,3.6,2.7,2.6,2.8,3.2
28,2013,3,2,32,4.0182,3,3.0909,2.4545,3.9091,2.3636
28,2014,4,2,32,3.7857,2.7857,2.4286,2.5714,3.1429,3.2143
28,2015,5,2,32,4.1111,3,3.1111,3.4444,3.2222,3.2222
28,2016,6,2,32,3.75,2.75,2.5,3.5,4.5,3.1429
28,2017,7,2,32,3.3,2.4,2.4,2.8,2.7,2.7
28,2018,8,2,32,3.5556,3,3,2.1111,3.6667,2.8889
28,2019,9,2,32,3.6923,2.8462,2.6923,2.1538,2.7692,3.1538
28,2020,10,2,32,3.2857,2.7143,2.6429,2.0714,2.7857,3.0714
28,2021,11,2,32,3.625,2.875,2.625,2.625,3.625,3
28,2022,12,2,32,3.8333,2.5833,2.5,2.1667,3.25,3.1667
29,2009,0,1,33,3.6667,3.0667,3.2667,3.2222,3,2.9333
29,2010,1,1,33,2.9,2.3,2.6,2.6,2.2,2.9
29,2012,2,1,33,1.9286,3.0714,3,2.4286,3.3571,3.3571
29,2013,3,1,33,3.6125,2.625,2.75,2.6875,3.75,2.9375
29,2014,4,1,33,3.5,3.0714,2.7857,2.6429,2.5714,3.0357
29,2015,5,1,33,3.625,3.375,3.375,3.25,3.125,3.125
29,2016,6,1,33,3.7368,2.6842,2.8421,2.1053,3,3.1579
29,2017,7,1,33,3.5556,2.8889,2.7778,2.6667,3.1111,2.6667
29,2018,8,1,33,4,3.2,2.8,2.6667,3.4667,3
29,2019,9,1,33,3.5385,3.0769,2.8462,2.5385,3.4615,3.0769
29,2020,10,1,33,3.3077,2.5385,2.5385,3,3,3.1538
29,2021,11,1,33,3.5455,3.3636,3.2727,2.7273,3.5455,2.8182
29,2022,12,1,33,3.8,2.8,2.6,2.8,3.6667,3.0667
30,2009,0,2,33,3.6,2.6,3.4,2.4667,3.2,2.6
30,2010,1,2,33,3.3333,2.5556,2.6296,1.7407,2.3333,3.1111
30,2012,2,2,33,1.4286,2.2857,4,3.0952,3.5714,3.4286
30,2013,3,2,33,3.7067,2.5333,3.1333,2.4,3.2667,2.6667
30,2014,4,2,33,4.125,2.625,2.25,2.5,3.125,3
30,2015,5,2,33,3.4545,2.7273,2.6364,3.1818,3.2273,3.2273
30,2016,6,2,33,3.5,2.9,3.1,2.8,3.3,3.2143
30,2017,7,2,33,3.75,2.8333,3.0833,2.8333,3.25,2.5
30,2018,8,2,33,3.2,3.1,3.1,1.9,3.1,2.9
30,2019,9,2,33,3.6667,2.8889,2.5556,1.6667,2.8889,3.1111
30,2020,10,2,33,3.6875,3,2.625,2.5625,3.3125,3.1875
30,2021,11,2,33,3.5833,2.5833,2.6667,1.6667,3.4167,3.25
30,2022,12,2,33,3.8333,2.5,2.5,2.9167,3.5833,3.6667
31,2009,0,1,34,3.7857,3.2143,3.2857,3.7619,2.7857,2.6429
31,2010,1,1,34,3.4,3,2.7333,2.8667,3,2.8
31,2012,2,1,34,1.75,2.75,3.0625,2.9167,3.25,3.5625
31,2013,3,1,34,4.1571,2.6429,3.2857,2.4286,3.3571,2.7143
31,2014,4,1,34,3.8333,3.0556,3.1667,2.1667,3.2222,3.0833
31,2015,5,1,34,3.7692,3,3,3.4615,3.0769,3.0769
31,2016,6,1,34,3.75,3.1667,2.6667,2.5833,2.5833,3
31,2017,7,1,34,3.5556,3,2.6667,2.7778,2.6667,2.6667
31,2018,8,1,34,3.8,2.7,2.7,3.4,3.3,3
31,2019,9,1,34,3.75,2.5,2.5,1.75,3.125,3
31,2020,10,1,34,3.6667,3.2222,3.1111,2.4444,3.2222,3
31,2021,11,1,34,3.5,2.8333,2.6667,2.3333,3.5833,3.3333
31,2022,12,1,34,3.5833,2.8333,2.75,2.8333,3.9167,3.3333
32,2009,0,2,34,3.3684,2.6316,3,2.7544,2.7895,2.8421
32,2010,1,2,34,3.3125,2.875,2.5,3.0833,3.0833,2.875
32,2012,2,2,34,1.125,3,3.625,2.8333,3.5,3.5
32,2013,3,2,34,4.05,3,3.3333,3.25,4,2.9167
32,2014,4,2,34,3.7368,2.8421,2.5789,2.4211,3.3158,3.0263
32,2015,5,2,34,3.7692,2.5385,2.4615,3.2308,2.6154,2.6154
32,2016,6,2,34,3.4,2.9,2.5,2.6,3.6,3
32,2017,7,2,34,3.3333,2.8889,2.8889,2.6667,3.1111,2.4444
32,2018,8,2,34,3.6667,2.7333,2.7333,2.0667,3.1333,3.2
32,2019,9,2,34,3.3077,3.0769,2.8462,2.0769,3.4615,3.0769
32,2020,10,2,34,3.1818,3.0909,3.0909,2.5455,3.1818,3.5455
32,2021,11,2,34,3.3333,2.3333,2.3333,1.8889,3.1111,3.2222
32,2022,12,2,34,3.8,2.5,2.6,3.1,3.6,3.6
33,2009,0,1,35,3.9474,3.3158,3.7895,3.4561,3.1579,2.8947
33,2010,1,1,35,3.7143,3.2857,2.9683,3.5397,3.3492,2.7619
33,2012,2,1,35,1.25,2.5,3.625,3.4167,3.625,3.3125
33,2013,3,1,35,4.0571,2.7857,2.8571,2.6429,3.3571,3.0714
33,2014,4,1,35,3.7333,2.8667,2.7333,2.3333,2.6,3.1333
33,2015,5,1,35,3.6842,2.8421,2.5263,3.2105,3.1316,3.1316
33,2016,6,1,35,3.4545,3.0909,3.0909,2.1818,3,3.1818
33,2017,7,1,35,3.8,3.2,2.8667,2.2,3.1333,2.5333
33,2018,8,1,35,3.9091,2.8182,2.9091,2.4545,3.4545,2.9091
33,2019,9,1,35,3.4167,3.1667,2.8333,2.4167,2.9167,3.1667
33,2020,10,1,35,3.1333,2.6667,2.6667,2.7333,3,3.2
33,2021,11,1,35,3.2222,2.6667,2.3333,2,3,3
33,2022,12,1,35,3.1176,2.3529,2.4118,2.4118,3.2941,3.3529
34,2009,0,2,35,3.5882,3,3.1765,2.7255,2.8235,2.8235
34,2010,1,2,35,3.4667,2.7333,2.6,2.5111,2.8667,2.8667
34,2012,2,2,35,1.1538,3.1538,3.5385,2.1282,3.0769,3.2308
34,2013,3,2,35,3.7294,2.9412,3,2.5882,3.4706,2.8235
34,2014,4,2,35,3.75,2.9167,2.8333,2.9167,2.8333,3.25
34,2015,5,2,35,4,3.2857,3.5714,3.2857,3,3
34,2016,6,2,35,3.6471,3.1176,3,2.7059,3.1765,3.0756
34,2017,7,2,35,4.1111,2.8889,2.8889,3.3333,3,2.8889
34,2018,8,2,35,4.4,3.2,2.8,2.4,3.4,2.6
34,2019,9,2,35,4,2.7647,2.8824,2.8235,3.7647,3.3529
34,2020,10,2,35,3.5455,3.3636,3,2.5455,3.4545,3.1818
34,2021,11,2,35,3.4,2.7,2.6,1.7,2.8,3.4
34,2022,12,2,35,3.6364,2.5455,2.5455,2.3636,3.4545,3.3636
35,2009,0,1,36,3.6154,3.0769,3.2308,3.2564,3.5385,2.7692
35,2010,1,1,36,3.4375,2.625,3,3,3.25,2.9375
35,2012,2,1,36,1.3333,3.6667,3,2.9259,3.4444,3.7778
35,2013,3,1,36,3.95,3.35,3.85,3.4,3.8,3.15
35,2014,4,1,36,3.7778,3.3333,3.1111,3,3.2222,3.4444
35,2015,5,1,36,4,3.0625,3.125,3.125,3.125,3.125
35,2016,6,1,36,3.6667,3,3.0833,3,3.3333,2.9762
35,2017,7,1,36,3.7692,3.4615,3.4615,2.9231,3.3846,2.7692
35,2018,8,1,36,3.875,3.125,3.0625,2.6875,3.1875,2.875
35,2019,9,1,36,3.6111,2.6667,2.6667,2.2778,2.9444,2.8333
35,2020,10,1,36,3.6875,2.5625,2.6875,2.4375,2.8125,3.0625
35,2021,11,1,36,3.4444,2.6667,2.5,2.2778,3.6111,3.2222
35,2022,12,1,36,3.8571,3.2143,3,2.7857,3.6429,3.5714
36,2009,0,2,36,3.4615,3.0769,3.1538,2.7436,3.0769,2.5385
36,2010,1,2,36,3.381,2.8095,2.5238,2.6508,3.1587,3.0952
36,2012,2,2,36,1.4615,2.8462,3.3846,2.8462,3.6923,3.3846
36,2013,3,2,36,3.8083,2.9167,3.0833,2.5833,3.625,3.0417
36,2014,4,2,36,3.6111,2.7222,2.6667,2.7778,2.7222,3.0833
36,2015,5,2,36,3.75,3.25,3.1,3.3,3.4,3.4
36,2016,6,2,36,3.25,3.25,2.8125,2.1875,3.1875,3.0268
36,2017,7,2,36,3.7143,2.9286,2.7857,2.7857,3.1429,2.7143
36,2018,8,2,36,3.7333,3,3,2.8,3,2.8
36,2019,9,2,36,3.7273,3,3.0909,2.1818,4,3.2727
36,2020,10,2,36,3.5,2.75,2.6667,2.3333,3,3.4167
36,2021,11,2,36,3.2,2.6667,2.3333,1.8,3.3333,2.9333
36,2022,12,2,36,3.4615,2.6154,2.2308,2.1538,3.5385,3.4615
37,2009,0,1,37,3.6667,2.619,3.2381,3.4762,2.9524,2.4286
37,2010,1,1,37,3.3333,2.8333,2.7037,2.5556,3.0741,3.1111
37,2012,2,1,37,1.5714,3,3.2381,2.6508,3.2857,3.1905
37,2013,3,1,37,3.6,3.0833,2.9167,2.0833,3.9167,3.0833
37,2014,4,1,37,3.7778,2.7222,2.8333,3.1111,3.1667,3.2222
37,2015,5,1,37,3.8571,3.4286,3.2857,3.2857,3.3571,3.3571
37,2016,6,1,37,3.7368,3.0526,2.7895,2.4737,3.1053,3.0226
37,2017,7,1,37,3.619,2.9048,2.8095,2.7619,3.1905,2.3333
37,2018,8,1,37,3.8125,3.4375,3.1875,2.4375,3.5625,3.125
37,2019,9,1,37,3.8095,2.9524,2.6667,2.8095,3.4286,2.8095
37,2020,10,1,37,3.6667,2.8889,2.7778,2.6667,3,3.1111
37,2021,11,1,37,3.45,2.65,2.5,2.3,3.55,3.3
37,2022,12,1,37,3.5455,3.1818,2.8636,2.8636,3.8636,3.4091
38,2009,0,2,37,3.4444,2.7222,3.1111,2.4074,3.1111,2.6111
38,2010,1,2,37,3.3636,3.1818,2.697,2.8788,3.3636,3
38,2012,2,2,37,1.6316,2.8947,3.5263,2.9649,3.3684,3.3158
38,2013,3,2,37,3.8091,2.7727,2.8182,2.6364,3.0909,3
38,2014,4,2,37,3.7059,3.1765,2.8235,2,2.8824,3.0882
38,2015,5,2,37,3.8235,3.2941,3.2941,2.9412,3.2353,3.2353
38,2016,6,2,37,3.3846,3,2.8462,2.3846,3.3846,3.2198
38,2017,7,2,37,3.7895,2.7368,2.6842,2.2105,3.2632,2.7368
38,2018,8,2,37,3.875,3.25,2.875,2.25,2.9375,2.75
38,2019,9,2,37,3.625,2.875,2.625,2.0625,3.25,3.125
38,2020,10,2,37,3.8333,3.1111,3.0556,2.7778,3.2222,3.2778
38,2021,11,2,37,3.7222,2.9444,2.8889,2.0556,3.3333,3.2222
38,2022,12,2,37,3.6429,3,2.7857,2,3.8571,3.2143
39,2009,0,1,38,3.6667,3,3.3333,2.6,2.6,2.6667
39,2010,1,1,38,3.5806,2.6129,2.5484,2.8495,3.1075,3.0645
39,2012,2,1,38,1.3333,3,3.3333,2.4603,2.9048,3.3333
39,2013,3,1,38,3.7182,3.1364,3.1364,2.7273,3.3182,3
39,2014,4,1,38,3.4615,2.5385,2.6923,2.0769,2.6154,3.1923
39,2015,5,1,38,3.7391,3.4348,3.1304,3.5217,3.3913,3.3913
39,2016,6,1,38,4,3.1579,3.1579,3.0526,3,3.0827
39,2017,7,1,38,3.6818,2.9091,2.8182,2.9091,2.8636,2.5455
39,2018,8,1,38,3.8182,3.0455,2.8636,2.6364,3.1818,2.8182
39,2019,9,1,38,3.5882,2.8824,2.7059,2.7647,3.2353,3.0588
39,2020,10,1,38,3.2963,2.963,2.8889,2.037,3.1852,3.2593
39,2021,11,1,38,3.5455,3.0455,2.8636,2.8182,3.1818,3.3182
39,2022,12,1,38,3.3,2.8,2.7,2.2,3.5,3.4
40,2009,0,2,38,3.64,3.24,3.64,2.92,3.04,3.04
40,2010,1,2,38,3.3824,2.8529,2.7647,2.4902,3.0784,3
40,2012,2,2,38,1.1563,3.0938,3.4375,2.2083,3.0625,3.1563
40,2013,3,2,38,4,2.9524,3.0476,2.8571,3.4762,2.9524
40,2014,4,2,38,3.6364,2.9091,2.8182,2.5,2.9091,2.75
40,2015,5,2,38,3.6897,3.2759,3.1724,2.9655,3.3276,3.3276
40,2016,6,2,38,3.7097,2.8387,2.9032,2.5806,3.0645,3.0737
40,2017,7,2,38,3.85,2.8,2.95,2.8,3.4,2.55
40,2018,8,2,38,3.9167,3.1667,3.2083,2.0833,3.2917,3.125
40,2019,9,2,38,3.6522,3.2609,2.913,2.8696,3.6087,3.1304
40,2020,10,2,38,3.5238,3.1905,3.3333,2.8571,3.0476,3.0952
40,2021,11,2,38,3.3182,2.7727,2.5909,2.3182,3.4545,3.0909
40,2022,12,2,38,3.7037,2.7778,2.4815,2.2963,3.2222,3.3704
41,2009,0,1,39,3.5769,3,3.3077,3.1026,3.0769,2.6154
41,2010,1,1,39,3.5357,2.75,2.7143,2.9524,3.2381,3.0714
41,2012,2,1,39,1.3,3,3.4,3.0667,3.35,3.1
41,2013,3,1,39,3.6692,2.9615,3,2.9231,3.4615,2.9231
41,2014,4,1,39,3.8462,3,2.9231,2.5385,3,2.8846
41,2015,5,1,39,3.8462,3.4615,3.3077,3.4615,2.8846,2.8846
41,2016,6,1,39,3.5882,3.0588,3.1765,2.8824,3.1765,3.2353
41,2017,7,1,39,3.6429,3.1429,2.9286,3.5714,3.2857,2.4286
41,2018,8,1,39,3.5,3,2.7143,2.6429,3.0714,3
41,2019,9,1,39,3.5652,2.8261,2.7391,2.3913,2.9565,3.087
41,2020,10,1,39,3.3846,3.1538,3,3,3,3.1538
41,2021,11,1,39,3.4,2.6,2.4,2.2,3.6,3.3
41,2022,12,1,39,3.25,2.5833,2.6667,2.0833,3.5833,3.5
42,2009,0,2,39,3.4286,3.0357,3.3214,2.9048,3.0714,2.6429
42,2010,1,2,39,3.6957,2.8261,2.7391,2.7971,3.3188,3.2174
42,2012,2,2,39,1.4865,3.027,3.3784,2.8018,3.027,3.3514
42,2013,3,2,39,3.9417,3.1667,3.1667,2.7917,3.375,3.1667
42,2014,4,2,39,3.7143,3.3333,3.0476,2.5238,3,2.8333
42,2015,5,2,39,3.7619,3,3.1429,3.3333,3.4524,3.4524
42,2016,6,2,39,3.25,2.95,2.8,2.15,3,3.0714
42,2017,7,2,39,3.9048,2.9524,2.9048,2.7143,3.2857,2.619
42,2018,8,2,39,4.1176,3.4706,3.4118,2.5882,3.6471,3
42,2019,9,2,39,3.7586,2.9655,2.8966,2.3103,3.2069,3.0345
42,2020,10,2,39,3.7778,3.0556,2.6667,2.2778,3.5,3.0556
42,2021,11,2,39,3.5238,2.5238,2.6667,1.8571,3.2381,3.1429
42,2022,12,2,39,3.6,2.95,3.2,3.1,3.6,3.45
43,2009,0,1,40,3.6875,3.0625,3.25,3.25,3.3125,2.4375
43,2010,1,1,40,3.8,3.15,2.7333,3.2,3.2,2.95
43,2012,2,1,40,1.2174,2.8261,3.3043,3.087,3.4348,3.7826
43,2013,3,1,40,4.1,3.2778,3.4444,2.8889,3.3889,2.6667
43,2014,4,1,40,3.9286,3,3.0714,2.7857,3.2143,2.9643
43,2015,5,1,40,3.92,3.32,3.24,3.04,3.18,3.18
43,2016,6,1,40,3.5455,3.2727,2.7273,2.8182,3,3
43,2017,7,1,40,3.7619,3.2381,3.1429,2.8571,3.1429,2.6667
43,2018,8,1,40,3.8947,3.3158,3.2105,2.8947,3.2105,2.9474
43,2019,9,1,40,3.5333,2.8,2.9333,2.6667,3.5333,3
43,2020,10,1,40,3.4211,2.8421,2.7895,2.6316,2.7895,3.3158
43,2021,11,1,40,3.5714,2.9286,2.7857,2.3571,3.5,3.0714
43,2022,12,1,40,3.4,2.9,2.7,2.5,3,2.7
44,2009,0,2,40,3.7727,3.2727,3.5,2.697,3.3182,2.7727
44,2010,1,2,40,3.6923,3.0769,2.8462,3.2564,3.359,2.5385
44,2012,2,2,40,1.9167,3.3333,3.0833,2.8889,3.0833,3
44,2013,3,2,40,3.8917,3.3333,3.5417,2.9167,3.3333,3.375
44,2014,4,2,40,3.6923,2.8462,2.6154,3.0769,3.2308,2.8846
44,2015,5,2,40,3.8889,2.8889,2.8333,3.2222,3.3333,3.3333
44,2016,6,2,40,3.3889,2.7778,2.5556,2.2222,3.2222,3.0714
44,2017,7,2,40,3.8462,3.1538,3.1538,2.9231,3.1538,2.5385
44,2018,8,2,40,4.2353,3.5294,3.2353,3,3.7647,3.1765
44,2019,9,2,40,3.6,2.8,2.8667,1.6667,3.4,3.3333
44,2020,10,2,40,4,3.2143,3.4286,3.5,3.9286,3.2857
44,2021,11,2,40,3.4706,2.7059,3.1176,2.8235,3.8824,3.1765
44,2022,12,2,40,3.5333,2.8667,3,2.6,3.5333,3.7333
45,2009,0,1,41,3.6842,3.4737,3.2105,3.0351,3.2105,3
45,2010,1,1,41,3.75,3.75,3.8333,3,3.6667,2.25
45,2012,2,1,41,2.1818,3.1818,3.3636,3.0606,3.7273,3.5455
45,2013,3,1,41,3.92,3.3,3.2,4,3.9,2.9
45,2014,4,1,41,3.7143,3.2143,3.3571,3.0714,3.2143,2.9643
45,2015,5,1,41,4,3.0667,3.2667,3.2667,3.3,3.3
45,2016,6,1,41,3,2.8333,2.3333,2.3333,2.8333,2.6667
45,2017,7,1,41,3.8125,2.875,3,3.3125,3.0625,2.75
45,2018,8,1,41,3.375,3.25,3,2.75,3.125,3.125
45,2019,9,1,41,3.9375,3.0625,3,2.8125,3.4375,3
45,2020,10,1,41,3.1538,3.3846,3.2308,2.7692,2.6923,3.2308
45,2021,11,1,41,3.4444,3.1111,2.9444,2.6667,3.5,3.0556
45,2022,12,1,41,3.5385,3,2.8462,2.3846,3.4615,3.3077
46,2009,0,2,41,3.5714,3.1429,3.2857,2.5238,2.5714,2.7143
46,2010,1,2,41,3.6429,3,2.7143,2.9048,3.0952,2.9286
46,2012,2,2,41,1.2667,2.8667,3.6,3.0444,3.2667,3.6667
46,2013,3,2,41,4.0545,3.3636,3.5455,2.8182,3.7273,2.8182
46,2014,4,2,41,3.6667,3.25,3.4167,2.4167,3.0833,3.2917
46,2015,5,2,41,3.8889,3.2222,3.5556,3.4444,2.9444,2.9444
46,2016,6,2,41,3.3333,2.8333,2.8333,2.0833,3,3.119
46,2017,7,2,41,3.1429,2.4286,2.4286,2.4286,3.1429,2.5714
46,2018,8,2,41,4.375,3.25,3.25,3.125,2.75,3.125
46,2019,9,2,41,3.8571,3,3,2.1429,3,3.5714
46,2020,10,2,41,3.6154,3.3846,3.3846,3.3846,3.1538,3.3846
46,2021,11,2,41,3.75,2.5,2.5833,2.5,3.75,3.0833
46,2022,12,2,41,3.7273,2.6364,2.6364,2.5455,2.8182,3.1818
47,2009,0,1,42,3.7778,3.5556,3.5556,3.2222,3.4444,2.7778
47,2010,1,1,42,3.4286,2.9286,3,3,3.2857,2.7857
47,2012,2,1,42,1.375,2.625,3.7083,3.1667,3.25,3.2083
47,2013,3,1,42,3.7714,3.0952,2.9048,3.2857,3.619,2.7143
47,2014,4,1,42,3.6316,2.8947,3,2.6842,3.3158,3.0789
47,2015,5,1,42,3.8571,3.4286,3.381,3,3.2619,3.2619
47,2016,6,1,42,3.5333,3.5333,3.2,2.6667,3.2,2.8095
47,2017,7,1,42,3.9167,3.1667,3.4167,3.25,3.4167,2.5833
47,2018,8,1,42,3.6429,3.2857,3.3571,3.2143,3.4286,2.7857
47,2019,9,1,42,3.5,2.9286,2.8571,2.2143,3.5714,3.0714
47,2020,10,1,42,3.625,3.625,3.375,3.75,3.5,3.125
47,2021,11,1,42,3.3333,2.9167,2.8333,2.5833,3.75,3.5833
47,2022,12,1,42,3.2308,2.6154,2.6923,2.2308,3.1538,3.4615
48,2009,0,2,42,3.375,2.625,3,3,3.125,3
48,2010,1,2,42,3.5,2.9375,2.6667,2.6667,2.9167,2.75
48,2012,2,2,42,1.25,3,3.25,3,3.5,3.4167
48,2013,3,2,42,4,2.75,3.15,3.05,3.5,3
48,2014,4,2,42,3.4615,2.8462,2.8462,2.3846,3.0769,3.3846
48,2015,5,2,42,4.3,3.2,3,3.4,3.45,3.45
48,2016,6,2,42,3.2143,2.8571,2.9286,2.6429,2.3571,2.8776
48,2017,7,2,42,3.7143,3.0714,3.2143,3,3.0714,2.8571
48,2018,8,2,42,4,2.6923,2.6923,2.4615,3.3077,3.0769
48,2019,9,2,42,3.4,2.9333,2.8667,2.4667,3.3333,3
48,2020,10,2,42,3.4545,3,2.8182,2.7273,3.8182,3.5455
48,2021,11,2,42,4.0909,3.1818,3.1818,2.4545,3.8182,3.5455
48,2022,12,2,42,3.5,3,2.9,2.6,3.2,3
49,2009,0,1,43,3.4375,3.4375,3.4375,3,2.75,2.625
49,2010,1,1,43,3.6923,3.7692,2.8462,3.359,3.1538,2.5385
49,2012,2,1,43,1.45,3,3.5,3.6,3.2,3.7
49,2013,3,1,43,4.125,3.2917,3.3333,3.5,3.875,2.7083
49,2014,4,1,43,3.7857,3.4286,2.9286,3.3571,3.2857,3.2143
49,2015,5,1,43,3.9091,3.1818,3.0909,3.1818,2.9545,2.9545
49,2016,6,1,43,3.9167,3.1667,3.25,3.8333,3.4167,3.3333
49,2017,7,1,43,4,2.7333,3,2.6667,3.1333,2.8667
49,2018,8,1,43,3.8333,3.3333,3.3333,3.1667,3.6667,3
49,2019,9,1,43,4.0769,3.6154,3.3077,3.3846,3.6923,3
49,2020,10,1,43,3.5385,2.7692,2.9231,2.6154,3.2308,3.3846
49,2021,11,1,43,3.7143,3.0476,2.8571,2.8095,3.7143,3
49,2022,12,1,43,3.5714,2.7143,2.7857,3.0714,3.3571,3.2143
50,2009,0,2,43,3.5714,2.9286,3.0714,2.5238,2.8571,2.5
50,2010,1,2,43,3.3043,2.6957,2.6812,2.4493,3.029,2.9565
50,2012,2,2,43,1.3846,2.9231,3.3846,2.3333,3.4615,3.4615
50,2013,3,2,43,3.9429,3.2143,3.5714,2.9286,3.7143,2.7857
50,2014,4,2,43,3.5333,2.6667,2.5333,2.1333,2.8667,3.0667
50,2015,5,2,43,3.9524,3.2381,3.0952,3.5714,3.2143,3.2143
50,2016,6,2,43,3.6429,3,3.2857,2.5,2.9286,3.1429
50,2017,7,2,43,3.7647,3,2.9412,2.9412,3.0588,2.6471
50,2018,8,2,43,3.625,3,3.125,3,3.375,2.875
50,2019,9,2,43,3.8,3.1333,3.1333,2.5333,3.6,3.2
50,2020,10,2,43,3.2941,2.9412,3.1765,2.7059,3.1765,3.2941
50,2021,11,2,43,3.6154,3.1538,3.3846,2.5385,3.2308,3.0769
50,2022,12,2,43,3.8,3.2,3,3.1,3.4,3.6
51,2009,0,1,44,4.3077,3.5385,3.5385,4.0769,3.4615,2.6154
51,2010,1,1,44,3.6667,3.2857,3.1587,3.0317,3.2857,3.0952
51,2012,2,1,44,1.3333,2.5,3.8333,3,4,3
51,2013,3,1,44,3.95,3.5833,3.2917,3.4583,3.5833,2.7917
51,2014,4,1,44,3.9333,3.6,3.6,3.2,3.4,2.9667
51,2015,5,1,44,3.6471,3.4706,3.0588,2.9412,3.2941,3.2941
51,2016,6,1,44,3.6471,3.2353,3.1765,3.3529,3,2.9664
51,2017,7,1,44,3.7778,3.2222,2.8889,3.7778,2.5556,2.5556
51,2018,8,1,44,4.3,3.2,3.5,3.7,3.8,3.4
51,2019,9,1,44,3.6429,3.0714,3.0714,3.0714,3.5714,3.2143
51,2020,10,1,44,3.8,3.6667,3.4,3.6,3.8667,3
51,2021,11,1,44,3.8667,3.6,3.3333,3.8,4,3.2667
51,2022,12,1,44,3.8125,3.375,3.25,3.25,4.125,2.875
52,2009,0,2,44,3.7143,3.5714,3.7143,3.1905,3.1429,3
52,2010,1,2,44,3.9375,3.25,2.6667,3.0833,3.75,3.1875
52,2012,2,2,44,1.2143,2.7857,3.6429,3.0952,3.7143,3.6429
52,2013,3,2,44,3.7286,2.7143,2.8571,2.7143,3.2143,2.9286
52,2014,4,2,44,3.6667,3.1667,3.125,3.0417,2.75,2.9583
52,2015,5,2,44,3.5385,3,2.6154,3.3077,3,3
52,2016,6,2,44,3.8462,3.1538,3.2308,3.0769,2.6923,3.2308
52,2017,7,2,44,3.625,3.25,3.125,2.875,3.125,2.5
52,2018,8,2,44,3.6154,2.8462,3,2.0769,3.3077,3
52,2019,9,2,44,3.4615,2.8462,2.5385,2.0769,3.0769,3.0769
52,2020,10,2,44,3.3158,3.2632,3.1053,2.9474,3.5789,3.1053
52,2021,11,2,44,3.7273,2.4545,2.7273,2.0909,3.3636,3.2727
52,2022,12,2,44,3.4,3.6,3.1,3.2,4.2,3.1
53,2009,0,1,45,3.5909,3.1818,3.1818,3.7879,3.1818,2.5909
53,2010,1,1,45,3.5455,3.3636,3.1818,3.3636,3.1212,3.0909
53,2012,2,1,45,1.2222,2.5,3.6667,3.6667,3.7222,3.5556
53,2013,3,1,45,4.1444,3.3889,3.4444,3.5556,3.5,2.9444
53,2014,4,1,45,3.9474,3.4737,3.4737,3.0526,3.6316,2.7895
53,2015,5,1,45,4.125,3.5625,3.25,3,3.0313,3.0313
53,2016,6,1,45,3.5333,3.0667,2.8,2.8667,2.8,3.1905
53,2017,7,1,45,3.6471,3.1176,2.8235,3.0588,3.5882,2.5294
53,2018,8,1,45,4.0556,3.1667,2.8889,3.1111,2.8889,2.9444
53,2019,9,1,45,3.4118,3.0588,2.8235,2.5882,3.2941,3
53,2020,10,1,45,3.619,3.1429,3.0952,3.0476,3.0476,3.3333
53,2021,11,1,45,3.5385,2.5385,2.6923,2.0769,3.6154,3
53,2022,12,1,45,3.4091,3.2273,3.0909,3.0909,3.9091,3
54,2009,0,2,45,3.7857,3.1429,3.3571,3.1905,3.7143,2.2857
54,2010,1,2,45,3.4615,2.8462,2.7436,2.8462,3.4615,3
54,2012,2,2,45,1.4286,2.9286,3.5,2.5238,3.5,3.2857
54,2013,3,2,45,4,3.125,3.2083,2.7917,3.375,2.9167
54,2014,4,2,45,4.2143,3.1429,2.7857,2.2143,3.2857,2.9286
54,2015,5,2,45,3.8125,3.1875,3,3.0625,3.25,3.25
54,2016,6,2,45,3.5789,3.1053,2.7895,2.3158,3.1053,3.0226
54,2017,7,2,45,3.9375,3.25,3.375,3.125,2.9375,2.75
54,2018,8,2,45,4.0556,3.3889,3.3333,2.3889,3.4444,2.9444
54,2019,9,2,45,3.8462,3.2308,3.2308,3.0769,3.5385,2.8462
54,2020,10,2,45,3.4667,2.8,2.7333,2,3.3333,3
54,2021,11,2,45,3.619,3,2.7143,2.8095,3.4762,2.9524
54,2022,12,2,45,3.25,3.2917,2.9167,2.625,3.5417,3.4167
55,2009,0,1,46,3.6471,3.0588,3.4706,3.2745,2.3529,3
55,2010,1,1,46,3.4615,3.2308,2.7436,3.0513,3.2564,2.4615
55,2012,2,1,46,1.7,2.1,3.8,2.7333,3.3,3.5
55,2013,3,1,46,3.8615,3.3077,3.3077,3.2308,3.8462,3
55,2014,4,1,46,3.8571,3.2857,3.2857,2.5714,3.3571,2.8571
55,2015,5,1,46,3.9412,3.2941,2.9412,3.4706,3,3
55,2016,6,1,46,3.55,3.1,2.9,2.4,3.35,2.9214
55,2017,7,1,46,4,3.3077,3.2308,3.3077,3.5385,2.6154
55,2018,8,1,46,3.7778,3.2778,3.3333,3,3.1667,2.6667
55,2019,9,1,46,3.8125,3.375,3.0625,3.125,3.625,2.9375
55,2020,10,1,46,3.8333,2.9167,2.5833,2.6667,3.5833,3
55,2021,11,1,46,3.7222,2.7222,2.7222,2.3889,3.7222,3.1667
55,2022,12,1,46,3.8235,3.3529,3.2941,2.9412,3.9412,3.2941
56,2009,0,2,46,3.5714,3,3.2857,3.2857,3.4286,3
56,2010,1,2,46,3.4444,2.6111,2.5556,2.7037,3.1481,3
56,2012,2,2,46,1.7059,3.0588,3.1176,2.9608,3.5294,3.2941
56,2013,3,2,46,3.9125,3.25,3.25,3,3.5,3.3125
56,2014,4,2,46,3.6429,2.8571,2.9286,2.5714,2.7143,2.75
56,2015,5,2,46,3.7368,3.2632,3.2632,3.3684,3.4211,3.4211
56,2016,6,2,46,3.6667,2.8,3.0667,2.8667,3,3.0762
56,2017,7,2,46,3.8125,3.25,2.9375,3.3125,3.25,2.4375
56,2018,8,2,46,3.9167,3.5833,3.1667,2.1667,3.4167,3.1667
56,2019,9,2,46,3.619,3,2.9048,2.3333,3.0952,3
56,2020,10,2,46,3.5833,3.1667,3.1667,2.5,3.5833,3.3333
56,2021,11,2,46,3.4615,2.9231,2.3846,2.8462,3.7692,2.9231
56,2022,12,2,46,3.6087,3.1739,3.3478,2.913,3.6087,3.3043
57,2009,0,1,47,3.5,3,3.4286,2.3333,2.7857,2.2857
57,2010,1,1,47,3.5,3,2.7333,3.2667,3.2667,3
57,2012,2,1,47,1.1875,2.25,4,3.3333,3.6875,3.375
57,2013,3,1,47,3.8667,3.381,3.4286,3.0952,3.619,3
57,2014,4,1,47,3.8421,3.4211,3.3158,2.4737,3.1053,3.1842
57,2015,5,1,47,3.9,3.1,3.4,3.5,3.75,3.75
57,2016,6,1,47,3.875,3.3125,3.4375,3.0625,3.0625,3.1429
57,2017,7,1,47,3.6667,3.2381,3.2381,2.7619,3.1905,2.619
57,2018,8,1,47,4.1053,3.5789,3.5789,3.1579,3.2105,3.1579
57,2019,9,1,47,3.7391,3.2609,3.087,3.2174,3.7391,3.1304
57,2020,10,1,47,3.5238,3.381,3.1905,3.1905,3.4286,3.2381
57,2021,11,1,47,3.8333,3.2778,3.1667,3.1667,3.3333,3.1667
57,2022,12,1,47,3.6667,3.0556,2.8889,2.8333,3.6111,3.1667
58,2009,0,2,47,3.7083,3.2917,3.7083,2.8333,3.25,2.6667
58,2010,1,2,47,3.5385,3,2.9487,3.0513,3.359,2.6923
58,2012,2,2,47,1.4483,2.7241,3.6552,3.1609,3.0345,3.4828
58,2013,3,2,47,3.8571,3,3,2.5714,3.5,2.9286
58,2014,4,2,47,3.625,3.125,3.0417,3,3.2083,3.2083
58,2015,5,2,47,3.8235,3.7059,3.5882,3.5882,3.5294,3.5294
58,2016,6,2,47,3.2857,3.0714,3.1429,2.3571,3.0714,2.8163
58,2017,7,2,47,3.65,2.8,2.95,2.9,3.55,2.65
58,2018,8,2,47,3.9643,3.3929,3.25,2.75,3.1071,3.1429
58,2019,9,2,47,3.7917,2.9167,2.7083,2.4167,3.6667,3.125
58,2020,10,2,47,3.7368,3.1579,3.4211,3.0526,3.0526,3.3684
58,2021,11,2,47,3.7692,3.2308,3.3077,2.0769,3.6154,3.0769
58,2022,12,2,47,3.6,3.0667,2.8667,2.4,3.6667,3.6
59,2009,0,1,48,3.6667,3.2857,3.1905,3.0952,3.1429,2.6667
59,2010,1,1,48,3.52,3.12,2.8133,2.92,3.1333,2.96
59,2012,2,1,48,1.2609,2.1739,3.8696,3.3768,3.6957,3.2174
59,2013,3,1,48,4.1778,3.6667,3.5556,3.3889,3.3333,2.8333
59,2014,4,1,48,3.75,3.75,3.7,2.9,3.2,3.3
59,2015,5,1,48,3.8824,3.4118,3.2353,3.8824,3.2941,3.2941
59,2016,6,1,48,3.7143,3.5714,3.4286,3.0714,3.4286,3.1939
59,2017,7,1,48,4,3.75,3.75,3.8333,4,2.5833
59,2018,8,1,48,4,3.2105,2.8947,3.1053,3,3.2632
59,2019,9,1,48,3.7308,3.5769,3.4231,3.5,3.3462,3.0769
59,2020,10,1,48,3.6667,3.3636,3.1515,3.1818,3.5152,3.1818
59,2021,11,1,48,3.625,2.9375,2.625,1.9375,3.1875,3.1875
59,2022,12,1,48,3.7037,3.4444,3.1481,2.8519,3.6667,3.1852
60,2009,0,2,48,3.6071,3.1429,3.3929,2.8095,2.5714,2.8571
60,2010,1,2,48,3.6667,3.2083,3.1111,2.9444,2.9444,2.7917
60,2012,2,2,48,1.5714,2.2857,3.8095,3.3492,2.9048,3.1905
60,2013,3,2,48,3.8538,3.1154,3.3077,2.7692,3.4615,2.8846
60,2014,4,2,48,3.7619,3.4762,3.1905,2.4286,3.4762,3.1905
60,2015,5,2,48,3.4545,3.1818,3.0909,3.2727,3.1364,3.1364
60,2016,6,2,48,3.7083,3.125,2.7917,2.75,3.4167,3.1071
60,2017,7,2,48,3.6538,3.3077,3.1154,2.9231,3.2308,2.6538
60,2018,8,2,48,4.1765,3.2353,3.2941,2.4706,3.2353,3.1765
60,2019,9,2,48,3.9,3.3,3.25,2.85,3.5,3.1
60,2020,10,2,48,3.7143,3.381,3.3333,3.0476,3.2857,3.2381
60,2021,11,2,48,3.6176,3.2059,3.0294,2.6176,3.5882,3.3529
60,2022,12,2,48,3.8077,3,3.0385,2.7692,3.5769,3.1538
61,2009,0,1,49,3.6,3.6,3.45,3.4667,3.05,2.5
61,2010,1,1,49,3.6667,3.375,2.8333,3,3.1111,3
61,2012,2,1,49,1.2273,2.6364,3.5909,3.6061,3.6818,3.3182
61,2013,3,1,49,3.9176,3.1176,3.2353,2.9412,3.1176,2.8235
61,2014,4,1,49,3.6875,3.125,2.75,2.8125,3.25,3.125
61,2015,5,1,49,3.9412,3.5882,3.5294,3.8235,3.4706,3.4706
61,2016,6,1,49,3.5,3.1667,3,3.2917,3.3333,2.8452
61,2017,7,1,49,3.9048,3.4286,3.3333,3.5714,3.4286,2.381
61,2018,8,1,49,4.1364,3.5455,3.4545,2.8182,3.4091,3.0909
61,2019,9,1,49,4,3.5556,3.3889,2.7222,3.4444,2.8333
61,2020,10,1,49,3.3889,3.2222,2.8889,3.1111,3.2778,3.1111
61,2021,11,1,49,3.4762,3,2.8095,2.8095,3.2857,2.9524
61,2022,12,1,49,3.375,3.125,3.1875,2.9375,3.875,3.5
62,2009,0,2,49,3.6364,3.2727,3.5,2.8182,2.9091,3.0455
62,2010,1,2,49,3.4375,3.5625,3.4167,3.4167,3,3
62,2012,2,2,49,1.3333,2.75,3.2083,2.8889,3.25,3.5417
62,2013,3,2,49,3.9,3.45,3.6,2.85,3.35,2.9
62,2014,4,2,49,3.625,3.25,3.5,2.5,3.0625,3
62,2015,5,2,49,3.9048,3.7143,3.4762,3.2381,3.2619,3.2619
62,2016,6,2,49,3.55,3,2.9,2.6,2.7,3.2286
62,2017,7,2,49,3.7273,2.9545,2.9091,2.5455,3.1818,2.7727
62,2018,8,2,49,4.0526,3.6316,3.3158,2.6316,3.2105,3.0526
62,2019,9,2,49,3.7813,3.125,2.8438,2.4688,3.625,3.1563
62,2020,10,2,49,3.6563,3.4063,3.3125,3.0625,3.2188,3.0938
62,2021,11,2,49,3.6667,2.9444,2.8333,2.5556,3.2222,3.2222
62,2022,12,2,49,3.5,2.9,2.9,2.6,3.6,3.4
63,2009,0,1,50,3.4,3.36,3.56,3.0267,2.6,2.72
63,2010,1,1,50,3.8095,3,2.7778,3.0952,3.1587,3.0476
63,2012,2,1,50,1.4762,2.5238,3.5714,3.5397,3.4286,3.7143
63,2013,3,1,50,4.1895,3.2632,3.2632,3.3158,3.7368,3.0526
63,2014,4,1,50,4.0417,3.6667,3.5417,3.5,3.375,2.9583
63,2015,5,1,50,3.7647,3.4706,3.2353,3.1765,3.4706,3.4706
63,2016,6,1,50,3.3333,3.4167,3.25,3.1667,3.0833,3.0833
63,2017,7,1,50,3.7222,3.4444,3.4444,4.1111,3.1111,2.5556
63,2018,8,1,50,4,3.4444,3.2778,3.2222,3.4444,3.3333
63,2019,9,1,50,3.75,3.4375,3.0625,3.4375,3.5625,3
63,2020,10,1,50,3.8571,3.3571,3.2143,3.2857,3.5,3.3571
63,2021,11,1,50,4.1333,3.2667,3.0667,3.2,4,3.4667
63,2022,12,1,50,3.9375,2.9375,2.9375,2.25,3.5,3.1875
64,2009,0,2,50,3.4737,2.8421,3.1053,2.9649,2.8421,2.7368
64,2010,1,2,50,3.56,2.84,2.7067,2.8667,2.92,2.88
64,2012,2,2,50,1.48,2.56,3.72,3.2933,3.4,3.4
64,2013,3,2,50,3.7238,3.1905,3.2381,3,3.619,3.0476
64,2014,4,2,50,3.5333,2.9333,3,2.6,2.7333,3.3
64,2015,5,2,50,3.8333,3.6667,3,2.8333,2.9583,2.9583
64,2016,6,2,50,3.5455,3,3.1818,2.5,3.2727,3.0714
64,2017,7,2,50,3.8,3.3,3.2,2.6,2.85,2.45
64,2018,8,2,50,4.2,3.1333,3.1333,3,3.2667,3.0667
64,2019,9,2,50,3.6667,3.3333,3.2,3.2,3.8,2.8667
64,2020,10,2,50,3.6471,3,2.9412,2.8824,3.1176,3.1765
64,2021,11,2,50,3.6667,3.25,3.1667,2.5,3.5,3.3333
64,2022,12,2,50,3.5833,2.9167,3,2.75,3.5,3.0833
65,2009,0,1,51,3.7222,3.3889,3.3333,3.2222,3.1667,2.8333
65,2010,1,1,51,3.7059,3.4118,3.0392,3.4314,3.4314,2.8824
65,2012,2,1,51,1,1.8462,3.9231,2.9487,3.1538,3.6154
65,2013,3,1,51,4.0545,3.7273,3.9091,3.6364,4,2.8182
65,2014,4,1,51,3.7368,3.2632,3.4737,3.1053,3.4737,3.1842
65,2015,5,1,51,3.8667,3.7333,3.5333,3,3.7,3.7
65,2016,6,1,51,3.8125,3.75,3.4375,3.375,3.1875,2.8125
65,2017,7,1,51,3.7778,3.6667,3.6111,3.5556,3.7222,2.8889
65,2018,8,1,51,3.9375,3.625,3.375,3.3125,3.5625,3.1875
65,2019,9,1,51,3.8667,3.4,3.2,3.4667,3.6667,3.1333
65,2020,10,1,51,3.8667,3.6667,3.4667,3.7333,3.4,3.5333
65,2021,11,1,51,3.3636,3.0909,2.8182,3.3636,3.8182,3.1818
65,2022,12,1,51,3.6,2.9333,2.9333,2.9333,3.2667,3.0667
66,2009,0,2,51,3.5652,3.087,3.6087,2.8551,2.7826,2.7391
66,2010,1,2,51,3.3333,2.8667,2.8667,2.8667,2.9556,3.1333
66,2012,2,2,51,1.44,2.6,3.56,3.08,3.24,3.24
66,2013,3,2,51,3.94,3.55,3.25,2.65,3.25,2.85
66,2014,4,2,51,3.3333,3.4167,3.3333,2.25,2.9167,3.2083
66,2015,5,2,51,3.8889,3.6111,3.7222,3.2778,3.3611,3.3611
66,2016,6,2,51,3.8095,3.2857,3.2857,2.7619,3.2381,3.2041
66,2017,7,2,51,3.8182,3.7273,3.5455,3.1818,3.2727,3.1818
66,2018,8,2,51,3.8125,3.4375,3.375,2.875,3.25,2.875
66,2019,9,2,51,3.8421,3.1579,2.9474,3.2105,3.7368,3.2105
66,2020,10,2,51,3.45,3.1,2.95,3,3.05,3.35
66,2021,11,2,51,3.9091,3.3636,3.2727,3.5455,4,3
66,2022,12,2,51,3.5625,3.0625,3.0625,3.4375,3.75,3.125
67,2009,0,1,52,3.6154,3.3846,3.4615,3.4615,3.0769,2.7692
67,2010,1,1,52,3.6471,3.3529,3.1961,3.2745,3.1176,2.9412
67,2012,2,1,52,1.6154,2.5385,3.6154,3.359,3.1923,3.2308
67,2013,3,1,52,4.1538,3.4615,3.5769,3.0385,3.7308,2.9615
67,2014,4,1,52,3.8571,3.5714,2.9048,2.9048,3.3333,3.0714
67,2015,5,1,52,4,3.8182,3.6364,3.6364,3.3636,3.3636
67,2016,6,1,52,3.75,3.5833,3.6667,3,3.25,3.2381
67,2017,7,1,52,4,3.6667,3.6667,3.3333,3.8333,3
67,2018,8,1,52,4.1765,3.7059,3.6471,3.8235,3.1765,2.8235
67,2019,9,1,52,3.8182,3.2727,3,3.0909,3.4545,2.7273
67,2020,10,1,52,3.8421,3.4211,3.3158,3.1579,3.3158,3.1579
67,2021,11,1,52,3.9091,3.4545,3.3636,3.3182,3.6818,3.0909
67,2022,12,1,52,3.8667,3.4,3.2667,3.4667,3.3333,3.0667
68,2009,0,2,52,3.3571,3.4286,3.7143,3,3,2.9286
68,2010,1,2,52,3.6,3.3333,3.0444,2.4222,3.3111,3.1333
68,2012,2,2,52,1.25,2.75,3.3333,3.2222,3.1667,3.3333
68,2013,3,2,52,3.6522,2.8261,3.1304,2.913,3.6957,3.087
68,2014,4,2,52,4.0385,3.1538,3.0385,2.6154,3.4231,3.1731
68,2015,5,2,52,3.9259,3.4444,3.4074,3.2963,3.4074,3.4074
68,2016,6,2,52,3.4545,3.1818,3.2727,3.7273,2.4545,2.8701
68,2017,7,2,52,3.8333,3.5,3.4167,3.3333,3.8333,2.5
68,2018,8,2,52,3.7059,3.7059,3.2941,3.0588,3.2941,3.2941
68,2019,9,2,52,3.5625,2.9375,2.9375,2.25,3.3125,3.0625
68,2020,10,2,52,3.5789,3.4737,3.3158,3.1053,3.6316,2.9474
68,2021,11,2,52,3.9231,3.3077,3.3846,2.9231,4,3.2308
68,2022,12,2,52,3.7333,3.5333,3.1333,2.8667,3.6667,3.6
69,2009,0,1,53,3.7778,3.2222,3.3333,3.3704,3.7778,3.1111
69,2010,1,1,53,3.8824,3.1765,3.0392,3.4314,3.4314,2.8235
69,2012,2,1,53,1.1176,2.2941,4,3.4314,3.3529,3.6471
69,2013,3,1,53,3.8,3.0667,3.2,2.8,3.4,2.8667
69,2014,4,1,53,3.6154,3.1538,2.8462,2.8462,2.6154,2.7692
69,2015,5,1,53,3.8571,3.6667,3.4762,3.4762,3.4524,3.4524
69,2016,6,1,53,4.0588,3.3529,3.1176,3.2941,3.5882,2.9412
69,2017,7,1,53,3.6842,3.5263,3.1053,3.8947,3.4211,2.7895
69,2018,8,1,53,4.1667,3.5,3.3333,3.1667,3.5833,2.8333
69,2019,9,1,53,3.75,3.125,3.125,3.25,3.625,3.125
69,2020,10,1,53,3.625,3.375,3.5,3.125,4,3.5
69,2021,11,1,53,3.7857,3.5,3.2143,3.4286,3.7857,3.2857
69,2022,12,1,53,3.4545,3.0909,3.1818,2.9091,3,3.4545
70,2009,0,2,53,3.5455,3.0909,3.0909,2.8182,3.0909,2.8182
70,2010,1,2,53,3.0909,2.7727,2.6364,2.5152,3.1818,2.5909
70,2012,2,2,53,1.7647,2.8235,3.4706,3.1176,3.2353,3.4706
70,2013,3,2,53,4.03,3.5,3.4,3.15,3.75,2.9
70,2014,4,2,53,3.75,3.4,3.15,2.55,3.25,2.95
70,2015,5,2,53,3.6111,3.4444,3.3333,3.1667,3.1667,3.1667
70,2016,6,2,53,3.8,3.35,3.1,3.4,3.25,3.1643
70,2017,7,2,53,3.6667,3.1111,2.8333,3.0556,3,2.6667
70,2018,8,2,53,4.25,3.875,3.625,3.25,3.625,3
70,2019,9,2,53,3.8889,3.4444,3.0556,2.9444,3.7222,3
70,2020,10,2,53,3.6471,3.3529,3.1765,3.1765,3.3529,3.1765
70,2021,11,2,53,3.7647,3.0588,3.2941,2.7059,3.4706,3.3529
70,2022,12,2,53,3.8235,3.0588,3.1176,2.3529,3.5294,3.2941
71,2009,0,1,54,4,3.2,3.6,3.4,3.4,2.8
71,2010,1,1,54,3.7143,3,3.4762,2.7143,3.2857,2.4286
71,2012,2,1,54,1.35,2.5,3.7,3.7333,3.4,3.55
71,2013,3,1,54,3.8222,3.4444,3.3333,3.2222,3.3889,2.8889
71,2014,4,1,54,4.0667,3.5333,3.4,3.3333,3.0667,3.0333
71,2015,5,1,54,3.8667,3.8,3.6,3.5333,3.2333,3.2333
71,2016,6,1,54,3.5714,3.6429,3.2143,3.7143,2.7857,3.0204
71,2017,7,1,54,3.7333,3.6,3.1333,3.9333,3.6,2.6667
71,2018,8,1,54,4.3333,3.8889,3.6667,3.4444,3.7778,3.2222
71,2019,9,1,54,3.75,3.3125,3.0625,3.0625,4,3.25
71,2020,10,1,54,3.6364,3.7273,3.6364,3.9091,3.4091,3.0455
71,2021,11,1,54,3.7143,3.2381,3.1905,3.3333,4.0476,3.2381
71,2022,12,1,54,3.8889,3.6111,3.2778,3.7222,3.8889,3.3333
72,2009,0,2,54,3.25,3.4167,3.6667,3.4444,3.4167,2.9167
72,2010,1,2,54,4,3.25,3,4,3.3333,2.75
72,2012,2,2,54,1.2143,2.7857,3.5,2.9048,3.5,2.8571
72,2013,3,2,54,4.0571,3.7143,3.5714,3.5714,3.1429,3.1429
72,2014,4,2,54,3.6667,3.5556,3.1667,2.7222,3.2222,3.0833
72,2015,5,2,54,3.7826,3.4783,3.087,3.3913,3.4565,3.4565
72,2016,6,2,54,3.3077,2.6923,2.6154,2.0769,2.9231,3.044
72,2017,7,2,54,3.4545,3.3636,3.3636,3.4545,3.3636,2.2727
72,2018,8,2,54,4.0909,3.1818,3.1818,2.6364,3,2.9091
72,2019,9,2,54,3.875,3.5625,3.3125,2.9375,3.375,3
72,2020,10,2,54,3.6923,3.3077,3.0769,3.3846,3.3846,3.2308
72,2021,11,2,54,3.6364,3.2424,2.9697,3,3.6061,3.0303
72,2022,12,2,54,3.6538,3.0385,3.1538,3.1154,3.8846,3.7308
73,2009,0,1,55,3.5294,3.0588,3.5294,3.0392,3.5294,3
73,2010,1,1,55,3.6667,3.2667,3.2222,2.5111,3.0444,2.4667
73,2012,2,1,55,1.5,3.1,3.5,3.2667,3.5,3.8
73,2013,3,1,55,4.0842,3.7895,3.6842,4.1053,3.3158,3.1053
73,2014,4,1,55,4.1818,3.8182,3.8182,3.9091,3.7273,3.7273
73,2015,5,1,55,3.7857,3.7857,3.5,3.5,3.2143,3.2143
73,2016,6,1,55,3.8889,3.4444,3.8889,2.6667,3.2222,3.127
73,2017,7,1,55,3.625,2.6875,2.8125,2.75,2.9375,2.5625
73,2018,8,1,55,3.8889,3.7222,3.2778,2.8889,3.1111,2.9444
73,2019,9,1,55,3.7895,3.1053,3,2.8421,3.3684,2.9474
73,2020,10,1,55,3.3077,3.3077,3.0769,3.3077,3.2308,3.2308
73,2021,11,1,55,3.8696,3.5217,3.1739,3.3913,3.9565,3.087
73,2022,12,1,55,3.6522,3.2174,2.913,3.3478,3.6087,3.1739
74,2009,0,2,55,3.8,3.2,3.3,2.4667,2.9,2.7
74,2010,1,2,55,3.7273,3.5455,3.4242,3.0606,3.4242,3.2727
74,2012,2,2,55,1.8333,2.8333,3.4167,2.8889,2.9167,3
74,2013,3,2,55,4,3.3333,3.4167,2.5833,3.6667,2.8333
74,2014,4,2,55,3.7391,3.1304,3.2609,2.5652,3.1739,3.2174
74,2015,5,2,55,3.6,3,2.8667,3.4,3.3,3.3
74,2016,6,2,55,3.7895,3.3684,3.1579,2.4737,2.8947,2.9699
74,2017,7,2,55,3.8889,2.8333,2.7778,2.3333,3.3333,2.4444
74,2018,8,2,55,3.9286,3.4286,3.5,3.4286,3.0714,2.8571
74,2019,9,2,55,3.9231,3.3077,2.9231,2.7692,3.0769,3.1538
74,2020,10,2,55,3.4,3.4,3.15,3.3,3.6,3.15
74,2021,11,2,55,3.3182,3.2273,3.2273,2.8182,3.5455,3.2727
74,2022,12,2,55,3.6875,3.125,3.25,3.3125,3.875,3.5
75,2009,0,1,56,3.7143,3,3.1429,3.0952,3.1429,2.8571
75,2010,1,1,56,3.6364,3.4545,3.1818,3.1818,3.4242,3.1818
75,2012,2,1,56,1.8889,2.3333,3.8889,3.0741,2.8889,3.4444
75,2013,3,1,56,4.1,3.4,3.9,4.1,3.1,2.7
75,2014,4,1,56,4.1111,3.3333,3.4444,3.1111,3.5556,3.2778
75,2015,5,1,56,3.9412,3.6471,3.8824,3.4706,3.2941,3.2941
75,2016,6,1,56,3.76,3.6,3.16,3.32,3.24,3.1086
75,2017,7,1,56,3.8889,3.0556,3.0556,3.1111,3,2.7222
75,2018,8,1,56,3.625,3.75,3.25,3.125,3.75,2.625
75,2019,9,1,56,3.8824,3.7059,3.5294,3.2941,3.2353,2.8235
75,2020,10,1,56,3.6667,3.5556,3.3889,3.5556,3.7222,2.9444
75,2021,11,1,56,3.7333,3.1333,3.2667,3.1333,4.0667,3.2
75,2022,12,1,56,3.625,3.1875,3.125,2.6875,3.5625,3.6875
76,2009,0,2,56,3.3333,2.7778,3.1111,2.4815,2.5556,2.8889
76,2010,1,2,56,3.25,2.75,2.6667,2,3,3
76,2012,2,2,56,1.375,2.5,3.375,3.3333,3.5,3.375
76,2013,3,2,56,4.0333,3.4167,3.25,2.6667,3.8333,2.75
76,2014,4,2,56,3.9,3.3,3.2,2.8,3.6,3.45
76,2015,5,2,56,3.7273,3.0909,2.9091,3.0909,3.1364,3.1364
76,2016,6,2,56,4.2,3.4,3.4,2.6,2.8,3.3143
76,2017,7,2,56,4,3.3529,3.4118,3.3529,3.4118,2.7059
76,2018,8,2,56,4,3.5833,2.9167,2.8333,3.0833,3.25
76,2019,9,2,56,3.76,3.52,3.52,3.16,3.8,3.32
76,2020,10,2,56,3.6154,3.6154,3.3846,2.9231,2.7692,3.4615
76,2021,11,2,56,3.3333,2.9333,2.8667,2.4,3.4667,2.9333
76,2022,12,2,56,3.9231,3.6154,3.3846,3.2308,4.2308,2.8462
77,2009,0,1,57,4,4,3.7,3.5333,3.5,2.8
77,2010,1,1,57,3.6667,3.6667,3.0741,3.0741,3.5185,3.1111
77,2012,2,1,57,1.125,2.125,4.125,3.8333,3.5,3.375
77,2013,3,1,57,4.2429,3.9286,4.0714,3.5714,4.2143,3.5
77,2014,4,1,57,4.25,3.375,3,3.375,2.375,3.0625
77,2015,5,1,57,3.9375,3.5,3.625,3.3125,3.4063,3.4063
77,2016,6,1,57,3.7273,3.4545,3.3636,3.2727,3.0909,3.1039
77,2017,7,1,57,3.9167,3.0833,3.25,2.75,3.3333,2.6667
77,2018,8,1,57,4.1176,3.4118,3.4706,2.6471,3.2353,3.1765
77,2019,9,1,57,3.75,3.3,3.25,3.2,3.75,3.2
77,2020,10,1,57,3.6818,3.5,3.1818,3.0455,3.1364,3.2273
77,2021,11,1,57,3.6667,3.4,3.4,3.2,4,3.2
77,2022,12,1,57,3.6,3.2667,3.1333,3.6,3.8,3.4
78,2009,0,2,57,3.3636,3.0909,3.5455,2.8182,2.6364,3
78,2010,1,2,57,3.875,3.75,3.3333,4,3.5,2.875
78,2012,2,2,57,1.1538,2.1538,3.6923,3.6667,3.0769,3.3846
78,2013,3,2,57,4.1167,3.3333,3.5833,3.0833,3.0833,3
78,2014,4,2,57,3,3.5,2.8333,1.8333,3,3.25
78,2015,5,2,57,4.1111,3.4444,3.2222,3.2222,3.2222,3.2222
78,2016,6,2,57,3.8125,3.3125,3.0625,2.25,3.3125,2.9911
78,2017,7,2,57,3.9091,3.9091,4.1818,3.3636,3.1818,2.9091
78,2018,8,2,57,3.7368,3.4211,3.1579,2.6316,3.3684,3.1053
78,2019,9,2,57,3.5833,3.1667,3.25,3.6667,3.1667,2.8333
78,2020,10,2,57,3.5238,3.0952,3.2381,3,2.8571,3.2381
78,2021,11,2,57,3.875,2.8125,2.5,3.0625,3.5,3.375
78,2022,12,2,57,3.7391,3.2609,3.087,3,3.2174,2.9565
79,2009,0,1,58,3.6,2.4,3.2,3.4,2.6,2.6
79,2010,1,1,58,3.9,3.2,3,3,3.1333,2.8
79,2012,2,1,58,1.5556,2,3.8889,3.5185,2.5556,3.1111
79,2013,3,1,58,3.8769,3.3077,3.2308,3.2308,3.7692,3
79,2014,4,1,58,3.6471,3.3529,3.4706,3.1176,3.4118,3.4706
79,2015,5,1,58,3.6154,4,3.6923,3.4615,2.9615,2.9615
79,2016,6,1,58,3.4286,3.619,3.3333,2.8095,2.8571,3.0952
79,2017,7,1,58,3.7778,3.6667,3.2222,3.3333,2.9444,2.6111
79,2018,8,1,58,4.2941,3.7059,3.1176,2.5882,3.5294,3.2941
79,2019,9,1,58,3.7647,3.2941,3.0588,3.4118,3.5294,3.2353
79,2020,10,1,58,3.7222,3.5,3.2778,3.3333,3.3333,3.0556
79,2021,11,1,58,4.1,3.75,3.8,3.35,3.75,3.3
79,2022,12,1,58,3.75,3.55,3.2,3.1,3.45,3.45
80,2009,0,2,58,3.375,3.625,3.75,3,3.625,3.375
80,2010,1,2,58,3.6,2.6,2.6,2.6,3.1333,3.5
80,2012,2,2,58,1.125,2.875,3.5,2.1667,2.875,3.625
80,2013,3,2,58,3.8125,3.1875,3.375,3.1875,3.375,2.8125
80,2014,4,2,58,3.8333,3,2.8333,2.8333,3.5,3.4167
80,2015,5,2,58,3.8,3.8,3.2,3.8,3.5,3.5
80,2016,6,2,58,3.8182,3.5455,3.0909,2.2727,3.2727,3.039
80,2017,7,2,58,3.8462,3.2308,3.0769,3.7692,3.5385,3.0769
80,2018,8,2,58,3.9286,3.3571,3.4286,2.2857,3.5,3.2143
80,2019,9,2,58,3.7619,3.3333,3.0476,2.1905,3.0952,3.2381
80,2020,10,2,58,3.7826,3.4348,3.1304,3.2174,3.5217,3.3913
80,2021,11,2,58,3.875,3.5,3.625,2.875,4.125,3.125
80,2022,12,2,58,3.7647,2.9412,2.8824,2.8235,3.3529,3.0588
81,2009,0,1,59,3.5455,3,3.5455,2.9394,2.9091,2.9091
81,2010,1,1,59,4.1667,3,2.7778,2.7778,3,3
81,2012,2,1,59,1.1667,2,3.1667,3.4444,3.1667,2.8333
81,2013,3,1,59,3.8286,3.0714,3.3571,2.9286,3.5714,3.0714
81,2014,4,1,59,3.75,3.125,2.875,3.25,3.375,3.5
81,2015,5,1,59,4.125,3.75,3.5,3.375,3.4375,3.4375
81,2016,6,1,59,3.75,3.25,3.1667,3.25,3.4167,2.9048
81,2017,7,1,59,3.8571,3.4286,3.4286,4.1429,3.4286,2.2857
81,2018,8,1,59,3.8125,3.375,3.125,3,3.8125,2.75
81,2019,9,1,59,3.9655,3.5862,3.3103,3.4138,3.7586,3
81,2020,10,1,59,4.0952,3.7619,3.6667,3.4286,3.6667,3.1429
81,2021,11,1,59,3.6667,3.25,3.5833,3.8333,3.8333,3.1667
81,2022,12,1,59,3.7619,3.5714,3.5238,3.4286,3.619,3.4286
82,2009,0,2,59,3.1667,3.1667,3.5,2.7778,2.5,2.6667
82,2010,1,2,59,3.75,3.5,3.4444,3,3.1111,2.75
82,2012,2,2,59,1.6667,2.8333,3.5,3.8889,3.5,3.1667
82,2013,3,2,59,4.08,3.9,3.2,3.6,3.7,2.9
82,2014,4,2,59,3.9167,3.4167,3.4167,3.6667,3.1667,2.2917
82,2015,5,2,59,4,3.7,3.2,3.2,3.4,3.4
82,2016,6,2,59,3.5556,3.1111,3,2,2.7778,3.0952
82,2017,7,2,59,3.6842,3.3158,3.2632,2.7368,3.2105,2.8421
82,2018,8,2,59,3.6,3.6667,3.3333,3.0667,3.0667,2.9333
82,2019,9,2,59,3.8125,3.625,3.4375,3.5625,4.0625,2.9375
82,2020,10,2,59,3.4286,3.4286,3.3571,3.1429,3.4286,3.4286
82,2021,11,2,59,3.7333,3.6667,3.2667,2.6667,3.9333,2.8667
82,2022,12,2,59,3.8333,3.5833,3.5,3.25,4.25,3.1667
83,2009,0,1,60,3.5385,3.3462,3.4615,3.1026,3.0769,2.9615
83,2010,1,1,60,3.4737,2.9474,3.0351,2.7544,3.0351,3
83,2012,2,1,60,1.3158,2.4211,3.6316,3.2456,3.1053,3.4211
83,2013,3,1,60,4.04,3.2,3.4,3,4,2.9
83,2014,4,1,60,4.15,3.7,3.65,3.25,3.4,3.475
83,2015,5,1,60,3.8261,3.5652,3.5217,3.1304,3.413,3.413
83,2016,6,1,60,3.5909,3.3182,3.2727,2.7273,3,3.013
83,2017,7,1,60,3.8182,3.4091,3.3636,3.3636,3.3182,2.6818
83,2018,8,1,60,4.0769,3.4615,3.5,2.9615,3.7692,3.2308
83,2019,9,1,60,3.75,3.4375,3.3125,3,3.5,3
83,2020,10,1,60,3.9333,3.5333,3.3333,3.5333,2.7333,3.2667
83,2021,11,1,60,3.625,3.4375,3.3125,2.875,3.625,3
83,2022,12,1,60,3.6316,3.5263,3.3684,3.3684,3.8421,3.2632
84,2009,0,2,60,3.52,3.26,3.44,3.1867,2.84,2.88
84,2010,1,2,60,3.7143,3.1714,2.9429,3.1714,2.981,3.0857
84,2012,2,2,60,1.475,2.825,3.525,2.6667,2.925,3.375
84,2013,3,2,60,3.9647,3.5882,3.5882,3.2353,3.5882,2.7647
84,2014,4,2,60,4.0303,3.7273,3.6061,2.7879,3.3636,3.1212
84,2015,5,2,60,3.5938,3.5313,3.2813,3.125,3.2969,3.2969
84,2016,6,2,60,3.5333,3.2,3.1,2.5667,2.9333,2.9714
84,2017,7,2,60,3.8372,3.3488,3.2093,3.0233,3.1163,2.7442
84,2018,8,2,60,4.0714,3.4524,3.3095,3.0238,3.2619,3.0714
84,2019,9,2,60,3.6667,3.125,3.125,2.375,3.75,3.2083
84,2020,10,2,60,3.5,3.9286,3.9286,3.2143,3.0714,3.5
84,2021,11,2,60,3.6842,3.2632,3.0526,2.9474,3.8421,3.3158
84,2022,12,2,60,3.7273,3.1818,3.0909,2.7727,3.7273,3.5
85,2009,0,1,61,3.75,3.4167,3.6667,2.8889,2.8333,2.9167
85,2010,1,1,61,3.6111,3.6111,3.1481,3.4444,3.2222,2.8889
85,2012,2,1,61,1.2353,2.7059,3.4118,3.3529,3.7059,3.5882
85,2013,3,1,61,3.9714,3.5,3.5,3.8571,3.7857,3.1429
85,2014,4,1,61,3.9,3.9,3.3,2.9,2.9,3.4
85,2015,5,1,61,3.7059,3.7059,3.6471,3.5294,3.4118,3.4118
85,2016,6,1,61,3.6,3.0667,2.7333,2.6,3.2,3.1714
85,2017,7,1,61,3.8125,3,2.9375,3.1875,3.625,2.9375
85,2018,8,1,61,4,3.7692,3.6923,2.6154,3.8462,3.2308
85,2019,9,1,61,3.7333,3.6,3.3333,3.0667,3.4667,3
85,2020,10,1,61,3.6,3.3,3.5,3.7,3.4,3.4
85,2021,11,1,61,3.75,3.3125,3.3125,3.4375,3.6875,3
85,2022,12,1,61,3.6667,3.5,3.6667,2.8333,3.6667,3.1667
86,2009,0,2,61,3.48,3.48,3.36,2.8667,3,2.96
86,2010,1,2,61,3.375,3.4583,3.1667,2.8333,3.1111,3.0417
86,2012,2,2,61,1.3333,2.0667,3.8667,3.6667,3.3333,3.1333
86,2013,3,2,61,3.9111,3.6667,3.5556,3,3.6667,2.8889
86,2014,4,2,61,3.88,3.8,3.48,2.56,3.04,3.22
86,2015,5,2,61,3.75,3.375,3.25,3.1667,3.2708,3.2708
86,2016,6,2,61,3.5862,3.5862,3.4483,3.1034,3.2759,3.1232
86,2017,7,2,61,3.6667,3.3333,3.1667,3.2222,3.6111,2.5
86,2018,8,2,61,3.9412,3.5,3.4412,2.8235,3.0588,3.0294
86,2019,9,2,61,3.9231,3.3846,3.1538,2.5385,3.7692,3.1538
86,2020,10,2,61,3.6429,3.5714,3.2857,2.5714,3.3571,3.3571
86,2021,11,2,61,3.5926,3.2963,3.1852,2.8519,3.3333,3.2222
86,2022,12,2,61,3.75,3.4,3.2,3.3,3.3,3.2
87,2009,0,1,62,3.6,3.25,3.45,2.8667,2.65,2.6
87,2010,1,1,62,3.6111,3.6667,3.2963,3.2222,3.4444,3
87,2012,2,1,62,1.2727,2.1818,3.7273,2.9394,3.8182,3.4545
87,2013,3,1,62,3.95,3.5,3.75,3.25,3.3333,3.0833
87,2014,4,1,62,3.9524,3.619,3.5238,2.8095,3.7143,3.3571
87,2015,5,1,62,3.8696,3.7826,3.6957,2.913,3.413,3.413
87,2016,6,1,62,3.9286,3.6429,3.5714,3.4286,3,3.1122
87,2017,7,1,62,3.8947,3.6316,3.6842,3.2632,3.1579,2.5263
87,2018,8,1,62,4.2857,3.75,3.6429,2.8929,3.3214,2.75
87,2019,9,1,62,4,3.625,3.125,3.625,4.375,3.5
87,2020,10,1,62,3.625,3.7083,3.5,3.625,3.6667,3.25
87,2021,11,1,62,3.75,3.25,2.875,2.875,3,2.9375
87,2022,12,1,62,3.7143,3.4643,3.3214,3.8214,3.9643,3.6786
88,2009,0,2,62,3.6875,3.3125,3.5625,3.0833,3.125,2.8125
88,2010,1,2,62,3.3929,3.1071,2.8571,2.6667,3.1905,3.0357
88,2012,2,2,62,1.3158,3.0526,3.4737,2.4737,3.3684,2.9474
88,2013,3,2,62,4.0316,3.6842,3.4737,3.2632,3.6316,3
88,2014,4,2,62,4,3.6667,3.6111,2.1667,3.2222,3.4722
88,2015,5,2,62,3.9375,3.625,3.625,3.375,3.2813,3.2813
88,2016,6,2,62,3.4667,3.5,3.4,3.0667,3.2333,3.1714
88,2017,7,2,62,3.9565,3.3043,3.4348,2.5217,3.1739,3.2174
88,2018,8,2,62,3.9375,3.6875,3.4375,2.5,3.5625,3
88,2019,9,2,62,4.1538,3.5385,3.5385,3.2308,3.3846,3.2308
88,2020,10,2,62,3.2143,3.2857,3.1429,3.0714,3.7143,3
88,2021,11,2,62,3.6471,3.3529,3.1765,3.5882,3.4706,3.1176
88,2022,12,2,62,3.8571,3.7857,3.8571,3.8571,4.2143,3.3571
89,2009,0,1,63,3.375,3.625,3.75,3.8333,2.25,2.625
89,2010,1,1,63,3.8333,3.5,3.1111,2.7778,3.2222,2.6667
89,2012,2,1,63,1.2727,1.8182,4,3.0606,3.2727,2.9091
89,2013,3,1,63,4.0667,3.6667,3.3333,3.3333,3.3333,3.6667
89,2014,4,1,63,3.9286,3.4286,3.4286,3.0714,3.2857,3.3214
89,2015,5,1,63,3.75,3.9167,3.75,3.6667,2.9583,2.9583
89,2016,6,1,63,3.5333,3.4,3.4,3.1333,3.6,3.0667
89,2017,7,1,63,3.7,3.2,2.7,3.3,3.3,2.6
89,2018,8,1,63,3.9474,3.4211,3.2632,2.6316,2.8421,2.7895
89,2019,9,1,63,4.125,3.5625,3.25,3.125,3.875,3.0625
89,2020,10,1,63,3.6471,3.1765,3.1176,2.8824,3.1765,3.1765
89,2021,11,1,63,3.6471,3.5294,2.9412,3.2353,4,2.7647
89,2022,12,1,63,3.8462,3.5385,3.0769,3.4615,4,3
90,2009,0,2,63,3.5,3.3333,3.5833,2.6667,3.25,2.9167
90,2010,1,2,63,3.625,3.375,3.5,3.4167,2.9167,3.1875
90,2012,2,2,63,1.5,2.5,3.5556,2.7778,3.2222,3.1667
90,2013,3,2,63,3.9385,3.3077,3.4615,2.7692,2.9231,2.6923
90,2014,4,2,63,3.7273,3.2727,3,2.8182,3.5455,3
90,2015,5,2,63,4,3.7917,3.6667,3.5,3.5208,3.5208
90,2016,6,2,63,3.875,3.625,3.625,3.25,3.375,3.1161
90,2017,7,2,63,3.5455,3.5455,3.4545,3.3636,2.3636,3
90,2018,8,2,63,4.25,3.4375,3.625,2.625,3.375,3.0625
90,2019,9,2,63,3.7,3.2,3.1,2.75,3.25,3
90,2020,10,2,63,3.5714,2.8571,3.1429,3.7143,2.5714,3.5714
90,2021,11,2,63,4,3.2632,3.3158,2.9474,3.7368,3.0526
90,2022,12,2,63,3.8235,3.0588,3.1765,2.8235,3.7059,3.5882
91,2009,0,1,64,3.5833,3.4167,3,2.8889,3.5833,2.75
91,2010,1,1,64,4,3,3.2222,2.7778,2.3333,2.6667
91,2012,2,1,64,1.25,2.5,3.5,3.5,3.625,3.5
91,2013,3,1,64,4.1333,3.8889,4.3333,3.1111,3.5556,3.1111
91,2014,4,1,64,3.8333,3.4167,3.5,3.0833,2.75,3.4583
91,2015,5,1,64,4.0909,3,3,2.9091,3.2273,3.2273
91,2016,6,1,64,3.6923,3.1538,2.7692,3.6154,2.7692,3.1319
91,2017,7,1,64,3.8636,3.4545,3.3182,3.6364,3.3182,2.5909
91,2018,8,1,64,3.5882,4,3.5882,2.7059,3.4118,3
91,2019,9,1,64,3.7143,3.5714,3.4286,3.1429,3.7143,2.8571
91,2020,10,1,64,3.6,4.1,3.9,3.8,3.2,3.3
91,2021,11,1,64,3.9167,3.3333,3.3333,3.5833,3.9167,3.4167
91,2022,12,1,64,4,3.25,3.375,3.125,3.625,3
92,2009,0,2,64,3.5882,2.7059,3.5294,2.4902,2.8824,3
92,2010,1,2,64,3.75,4,3.6667,3.5,3.1667,3.375
92,2012,2,2,64,2,2.5385,3.8462,3.1538,3.1538,3.1538
92,2013,3,2,64,3.8667,4.1667,4,3.5,3.3333,3.1667
92,2014,4,2,64,3.9333,3.5333,3.1333,2.4667,2.4667,2.6667
92,2015,5,2,64,3.9286,3.2857,3,2.9286,3.1429,3.1429
92,2016,6,2,64,3.9412,3.4706,3,2.5882,3.1176,3.0084
92,2017,7,2,64,3.9091,3.5455,3.2273,2.7727,3.4545,2.9091
92,2018,8,2,64,3.9091,3.1818,2.8636,2.6364,3.1364,3.0909
92,2019,9,2,64,3.6,3.3,3.1,2.4,2.5,2.9
92,2020,10,2,64,3.8667,3.4667,3.5333,3.2667,3.7333,3.2667
92,2021,11,2,64,4.0833,3.5,3.3333,3.4167,4.0833,3.0833
92,2022,12,2,64,3.8261,3.3913,3.2174,3.087,3.6957,3.2174
93,2009,0,1,65,2.8889,2.4444,3,2.1852,3.3333,2.8889
93,2010,1,1,65,4,4,3.6667,3.3333,3.1667,3
93,2012,2,1,65,1.6667,2.25,3.75,3,3.4167,3.25
93,2013,3,1,65,4.18,3.8,3.8,3.8,3.8,3
93,2014,4,1,65,3.7692,3,2.7692,2.5385,2.9231,3.1154
93,2015,5,1,65,3.9167,4.0833,3.8333,3.5833,3.2083,3.2083
93,2016,6,1,65,3.6842,3.6842,3.4737,2.4211,3.2632,3.1203
93,2017,7,1,65,3.8333,3.6667,3.4167,4.1667,3.3333,2.75
93,2018,8,1,65,3.625,3.375,3.25,3.125,3.25,3.25
93,2019,9,1,65,3.8,3.4,2.6,2.8,3.6,2.6
93,2020,10,1,65,3.4,3.8,3.6,3.8,3.6,3
93,2021,11,1,65,3.5,3.2,3.4,4,3.7,3.4
93,2022,12,1,65,3.8182,3.5455,3.2727,3.4545,3.5455,3.3636
94,2009,0,2,65,3.6667,3.4444,3.5556,2.9259,3.6667,2.7778
94,2010,1,2,65,3.3846,2.8462,2.641,2.5385,3.0513,2.8462
94,2012,2,2,65,1.55,2.35,3.6,3.2,3.4,3.05
94,2013,3,2,65,3.9714,3.7143,3.5714,4,4,3.4286
94,2014,4,2,65,3.4375,3,3.125,2.375,3,2.9688
94,2015,5,2,65,3.6667,3.75,3.4167,3,2.9167,2.9167
94,2016,6,2,65,3.6667,3.5833,3.5,2.4167,3.0833,3.1905
94,2017,7,2,65,4,3.4783,3.4783,2.6957,3.3913,2.8261
94,2018,8,2,65,3.8,3.6667,3.5333,2.4,3.4,3
94,2019,9,2,65,3.8,3.1,2.9,2.8,3.9,3.2
94,2020,10,2,65,3.5,3.0556,3.3333,3.1111,3.0556,3.5
94,2021,11,2,65,4,3.3846,3.1538,2.8462,4.0769,3.1538
94,2022,12,2,65,3.6429,2.9286,2.9286,3.7857,3.8571,3.2143
95,2009,0,1,66,3.5714,3.1429,4,3.2857,3.4286,2.4286
95,2010,1,1,66,3.5556,3.6667,2.7778,2.9259,3.3704,2.7778
95,2012,2,1,66,1,3,3.8,3.6667,3.6,2.8
95,2013,3,1,66,4.32,4.2,4.2,2.8,3.2,3.2
95,2014,4,1,66,3.5,3.5,3.75,2.5,3,3.625
95,2015,5,1,66,3.8333,3.8333,3.8333,2.8333,3.4167,3.4167
95,2016,6,1,66,4.0833,3.75,3.25,3.25,3.5,3.0476
95,2017,7,1,66,4,3.5714,3.4286,1.4286,3,2.5714
95,2018,8,1,66,4.3571,3.4286,3.3571,2.9286,3.3571,2.7857
95,2019,9,1,66,3.6667,4,4,3.6667,3.6667,2.6667
95,2020,10,1,66,3.8,3.4,3.8,2.8,3.2,3.4
95,2021,11,1,66,3.5556,3.3333,3.1111,2.8889,3.8889,3.1111
95,2022,12,1,66,4,4,3.7143,3.5714,3.8571,3.8571
96,2009,0,2,66,3.8,3.2,3.4,2.6,2.8,2.6
96,2010,1,2,66,3.1667,2.5,2.3333,3,3,3.1667
96,2012,2,2,66,1,2.75,3.75,4,3.5,2.75
96,2013,3,2,66,4.4667,3.6667,3,3,3.3333,3
96,2014,4,2,66,4,4.2857,4,2.5714,2.8571,3.5714
96,2015,5,2,66,4.1667,3.6667,3.5,3.6667,3,3
96,2016,6,2,66,3.8,3.4,4,2.8,2.2,3.0286
96,2017,7,2,66,3.8182,3.2727,3.1818,2.3636,2.5455,2.9091
96,2018,8,2,66,4.2381,3.2857,3.4286,2.381,2.7619,2.8095
96,2019,9,2,66,3.625,3.25,3.125,1.875,3.375,2.875
96,2020,10,2,66,3.8947,3.3684,3.2105,2.9474,3.3684,3.4211
96,2021,11,2,66,4,3.25,3.1667,2.6667,3.4167,3.1667
96,2022,12,2,66,3.8571,3.5714,3.5714,3.4286,3.8571,3.7143
97,2009,0,1,67,3.5,3.8333,4.1667,3.2222,3,2.6667
97,2010,1,1,67,3.7,3,2.7333,3,3.1333,3.1
97,2012,2,1,67,1,1.7143,4,3.2857,3.7143,3.4286
97,2013,3,1,67,3.6667,3.3333,4,4,2.3333,2.6667
97,2014,4,1,67,3.7333,3.9333,3.4667,3.2667,3.1333,2.8
97,2015,5,1,67,3.8333,3.5,3.6667,3.1667,3.4167,3.4167
97,2016,6,1,67,4,3.25,3.375,3,3,3.1964
97,2017,7,1,67,4,3.6875,3.5,3.75,3.1875,2.75
97,2018,8,1,67,4,3.5556,3.5556,3.1111,2.2222,3.1111
97,2019,9,1,67,3.6,3.6,3.6,3.4,3.4,3.4
97,2020,10,1,67,3.6154,3.3846,3.3846,3.6154,3.2308,3.1538
97,2021,11,1,67,3.8333,3.6667,3.6667,3.8333,3.8333,2.8333
97,2022,12,1,67,3.7333,3.5333,3.5333,3.5333,3.7333,2.9333
98,2009,0,2,67,3.2222,3,3.3333,2.1852,2.3333,2.5556
98,2010,1,2,67,4,3.3333,3.2222,2.7778,3.6667,4.3333
98,2012,2,2,67,1.4,2.6,3.8,2.0667,3.8,4
98,2013,3,2,67,3.85,3.5,3.75,3,3.75,3
98,2014,4,2,67,3.6,3.3333,3.2667,2.9333,2.8667,3.1
98,2015,5,2,67,3.8333,3.6111,3.5,2.7778,3.4722,3.4722
98,2016,6,2,67,3.7273,3.4545,3.2727,2.7273,3.1818,3.2597
98,2017,7,2,67,3.7857,3.3571,3.2857,2.7143,2.9286,2.4286
98,2018,8,2,67,4.1,4.1,3.9,2.2,3.4,3
98,2019,9,2,67,4,4,3.8333,3,4.5,3.3333
98,2020,10,2,67,3.5714,3.5714,3.4286,3.4286,3.2857,3.2857
98,2021,11,2,67,3.6667,3.3333,3.3333,3,3.6667,3.6667
98,2022,12,2,67,3.6667,3.6667,3.6667,3.1667,4.1667,4.1667
99,2009,0,1,68,3.8889,3.3333,3.8889,2.1852,3.3333,2.6667
99,2010,1,1,68,3.8571,3.7143,3.2857,3.0952,3.4762,3.1429
99,2012,2,1,68,1.6154,2.5385,3.6923,2.8462,3.2308,3.1538
99,2013,3,1,68,3.8,4,3.75,3.25,4,3
99,2014,4,1,68,4,3.7143,3.1429,2.5714,3.5714,3
99,2015,5,1,68,4.1818,3.8182,3.7273,3.0909,3.4545,3.4545
99,2016,6,1,68,3.5,3.8333,3.5833,2.3333,3.25,3.0357
99,2017,7,1,68,4,3,2.8,2.6,3.4,3
99,2018,8,1,68,4.2222,3.8889,3.6667,2.8889,3.4444,2.8889
99,2019,9,1,68,3.7692,3.2308,3,2.8462,2.9231,2.9231
99,2020,10,1,68,4.25,3.5,3.5,4,4.25,3
99,2021,11,1,68,3.9167,3.5833,3,3.25,4.1667,3.1667
99,2022,12,1,68,3.875,3.875,3.75,3.3125,4.3125,3.5625
100,2009,0,2,68,3.4286,3.5714,3.5714,2.1429,2,2.7143
100,2010,1,2,68,3.4167,3.4167,3.2222,2.3333,3,3.1667
100,2012,2,2,68,1,2.6,3.2,2.6,3.2,3.6
100,2013,3,2,68,4.1,3.3333,3.6667,2.8333,3.1667,3.1667
100,2014,4,2,68,3.5333,3.2667,3.3333,2.7333,2.9333,2.8667
100,2015,5,2,68,3.8182,3.5455,3.3636,2.6364,3.3636,3.3636
100,2016,6,2,68,3.3846,3.5385,3.6154,3.0769,3.1538,3
100,2017,7,2,68,4,4.25,3.5,3,3.375,3
100,2018,8,2,68,4,3.8889,3.4444,2.7778,3.1111,3
100,2019,9,2,68,3.6667,3.6667,3.3333,1.6667,4,3.6667
100,2020,10,2,68,3.7778,3.2222,3.5556,2.7778,3.1111,3.3333
100,2021,11,2,68,3.6,3.4,3.6,2.8,3.4,3.2
100,2022,12,2,68,3.6,3.3,3.4,2.9,3.6,3.6
101,2009,0,1,69,3.2857,3.1429,3.1429,2.5238,2.4286,2.8571
101,2010,1,1,69,3.7,3.8,3.2667,3.6667,3,2.8
101,2012,2,1,69,1.4545,2.7273,3.4545,3.4242,2.4545,3.0909
101,2013,3,1,69,4,3.9,3.7,3.3,4.1,3.3
101,2014,4,1,69,3.8462,3.6154,3.3077,3.2308,3.4615,3.1923
101,2015,5,1,69,4.0625,4.0625,3.75,3.6875,3.375,3.375
101,2016,6,1,69,3.2143,3.7857,3.0714,2.5714,2.7143,2.7143
101,2017,7,1,69,3.8333,3.6111,3.6111,3,3.3333,2.7778
101,2018,8,1,69,3.9231,3.6923,3.3077,2.8462,2.4615,3.0769
101,2019,9,1,69,3.8889,3.3333,3.3333,3.0556,3.6667,2.8889
101,2020,10,1,69,4,4,3.8333,3.3333,3.6667,3.6667
101,2021,11,1,69,3.7273,3.9091,3.8182,3.3636,3.0909,3.2727
101,2022,12,1,69,4.125,3.625,3.375,3.125,3.5,3.25
102,2009,0,2,69,3.1667,3.3333,3.8333,3,3.3333,3
102,2010,1,2,69,3.2857,3,2.7143,1.7619,3.0952,2.5714
102,2012,2,2,69,1.2857,3,3.2857,3.0952,3.4286,3.1429
102,2013,3,2,69,3.8667,3.6667,4.3333,1.3333,3.6667,3.3333
102,2014,4,2,69,3.6923,3.1538,3.3846,2.2308,3.3077,3
102,2015,5,2,69,3.7857,3.3571,3.2143,3.0714,3.25,3.25
102,2016,6,2,69,3.6154,3,3,2.6154,3.3077,2.8242
102,2017,7,2,69,3.9167,3.75,3.25,2.75,3.25,2.75
102,2018,8,2,69,4.4444,3.5556,3.5556,2.6667,2.8889,3
102,2019,9,2,69,4.2,3.4,3.6,2.4,3.7,3.5
102,2020,10,2,69,4,3.8333,3.5,3.8333,3.1667,3.3333
102,2021,11,2,69,4,3.4286,2.8571,2.1429,3.4286,2.7143
102,2022,12,2,69,3.7143,3.1429,3.2857,2,3.5714,3.7143
